subscription_id,customer_id,plan,amount,billing_cycle,status,next_payment_date
SUB_000001,CUST_00245,PRO,1499,YEARLY,ACTIVE,2026-09-24 14:21:58.212583
SUB_000002,CUST_00976,PRO,1499,MONTHLY,ACTIVE,2026-09-19 14:21:58.212583
SUB_000003,CUST_00769,PRO,1499,MONTHLY,CANCELLED,2026-09-07 14:21:58.212583
SUB_000004,CUST_01213,PRO,1499,YEARLY,ACTIVE,2026-09-14 14:21:58.212583
SUB_000005,CUST_00847,BASIC,499,MONTHLY,ACTIVE,2026-09-05 14:21:58.212583
SUB_000006,CUST_00632,ENTERPRISE,19999,YEARLY,ACTIVE,2026-09-23 14:21:58.212583
SUB_000007,CUST_00450,BASIC,499,YEARLY,ACTIVE,2026-09-23 14:21:58.212583
SUB_000008,CUST_00170,ENTERPRISE,19999,YEARLY,ACTIVE,2026-09-27 14:21:58.212583
SUB_000009,CUST_01499,BASIC,499,YEARLY,ACTIVE,2026-09-27 14:21:58.212583
SUB_000010,CUST_00004,BASIC,499,MONTHLY,ACTIVE,2026-09-12 14:21:58.212583
SUB_000011,CUST_00577,BUSINESS,4999,MONTHLY,ACTIVE,2026-09-03 14:21:58.212583
SUB_000012,CUST_01403,PRO,1499,MONTHLY,ACTIVE,2026-09-17 14:21:58.212583
SUB_000013,CUST_01471,PRO,1499,MONTHLY,ACTIVE,2026-09-07 14:21:58.212583
SUB_000014,CUST_00126,BUSINESS,4999,YEARLY,ACTIVE,2026-09-06 14:21:58.212583
SUB_000015,CUST_00004,ENTERPRISE,19999,YEARLY,ACTIVE,2026-09-09 14:21:58.218266
SUB_000016,CUST_01348,BASIC,499,MONTHLY,ACTIVE,2026-09-27 14:21:58.218266
SUB_000017,CUST_01803,ENTERPRISE,19999,YEARLY,ACTIVE,2026-09-12 14:21:58.219018
SUB_000018,CUST_00240,BASIC,499,YEARLY,PAST_DUE,2026-09-16 14:21:58.219018
SUB_000019,CUST_00905,PRO,1499,MONTHLY,ACTIVE,2026-09-29 14:21:58.219018
SUB_000020,CUST_00652,PRO,1499,YEARLY,CANCELLED,2026-09-29 14:21:58.219018
SUB_000021,CUST_00530,BASIC,499,YEARLY,CANCELLED,2026-09-06 14:21:58.219018
SUB_000022,CUST_00701,BASIC,499,YEARLY,CANCELLED,2026-09-01 14:21:58.219018
SUB_000023,CUST_01445,BUSINESS,4999,MONTHLY,PAST_DUE,2026-09-21 14:21:58.219018
SUB_000024,CUST_01776,BUSINESS,4999,MONTHLY,PAST_DUE,2026-09-16 14:21:58.219018
SUB_000025,CUST_01283,ENTERPRISE,19999,MONTHLY,ACTIVE,2026-09-02 14:21:58.219018
SUB_000026,CUST_01601,PRO,1499,YEARLY,PAST_DUE,2026-09-24 14:21:58.219018
SUB_000027,CUST_01125,ENTERPRISE,19999,YEARLY,CANCELLED,2026-09-22 14:21:58.219018
SUB_000028,CUST_01921,ENTERPRISE,19999,MONTHLY,ACTIVE,2026-09-14 14:21:58.219018
SUB_000029,CUST_01695,BUSINESS,4999,MONTHLY,ACTIVE,2026-09-30 14:21:58.219018
SUB_000030,CUST_00284,BUSINESS,4999,MONTHLY,CANCELLED,2026-09-28 14:21:58.221024
SUB_000031,CUST_01343,ENTERPRISE,19999,YEARLY,ACTIVE,2026-09-21 14:21:58.221024
SUB_000032,CUST_01587,ENTERPRISE,19999,YEARLY,CANCELLED,2026-09-07 14:21:58.221024
SUB_000033,CUST_00840,BASIC,499,YEARLY,ACTIVE,2026-09-23 14:21:58.221024
SUB_000034,CUST_01623,ENTERPRISE,19999,MONTHLY,CANCELLED,2026-09-25 14:21:58.221024
SUB_000035,CUST_00258,BUSINESS,4999,YEARLY,ACTIVE,2026-09-04 14:21:58.221024
SUB_000036,CUST_01507,PRO,1499,MONTHLY,ACTIVE,2026-09-03 14:21:58.221024
SUB_000037,CUST_00858,PRO,1499,MONTHLY,CANCELLED,2026-09-25 14:21:58.221024
SUB_000038,CUST_01783,BASIC,499,YEARLY,ACTIVE,2026-09-27 14:21:58.221024
SUB_000039,CUST_00172,ENTERPRISE,19999,YEARLY,CANCELLED,2026-09-24 14:21:58.221024
SUB_000040,CUST_00834,PRO,1499,MONTHLY,ACTIVE,2026-09-05 14:21:58.221024
SUB_000041,CUST_01137,BUSINESS,4999,YEARLY,PAST_DUE,2026-09-13 14:21:58.221024
SUB_000042,CUST_01947,PRO,1499,YEARLY,ACTIVE,2026-09-25 14:21:58.221024
SUB_000043,CUST_01962,PRO,1499,YEARLY,CANCELLED,2026-09-19 14:21:58.221024
SUB_000044,CUST_01283,BASIC,499,YEARLY,CANCELLED,2026-09-28 14:21:58.221024
SUB_000045,CUST_00715,ENTERPRISE,19999,MONTHLY,ACTIVE,2026-09-01 14:21:58.221024
SUB_000046,CUST_01354,PRO,1499,YEARLY,ACTIVE,2026-09-11 14:21:58.223029
SUB_000047,CUST_01813,BUSINESS,4999,YEARLY,CANCELLED,2026-09-15 14:21:58.223029
SUB_000048,CUST_00594,BUSINESS,4999,YEARLY,CANCELLED,2026-09-04 14:21:58.223029
SUB_000049,CUST_01384,ENTERPRISE,19999,YEARLY,PAST_DUE,2026-09-24 14:21:58.223029
SUB_000050,CUST_01773,ENTERPRISE,19999,YEARLY,PAST_DUE,2026-09-21 14:21:58.223029
SUB_000051,CUST_01287,ENTERPRISE,19999,YEARLY,ACTIVE,2026-09-26 14:21:58.223029
SUB_000052,CUST_01869,BASIC,499,MONTHLY,ACTIVE,2026-09-11 14:21:58.223029
SUB_000053,CUST_00283,BUSINESS,4999,MONTHLY,CANCELLED,2026-09-24 14:21:58.223029
SUB_000054,CUST_01269,BUSINESS,4999,MONTHLY,ACTIVE,2026-09-07 14:21:58.223029
SUB_000055,CUST_00070,BUSINESS,4999,YEARLY,ACTIVE,2026-09-14 14:21:58.223029
SUB_000056,CUST_01227,BUSINESS,4999,MONTHLY,PAST_DUE,2026-09-23 14:21:58.223029
SUB_000057,CUST_00821,BUSINESS,4999,YEARLY,ACTIVE,2026-09-10 14:21:58.223029
SUB_000058,CUST_00110,BUSINESS,4999,YEARLY,ACTIVE,2026-09-21 14:21:58.223029
SUB_000059,CUST_00258,PRO,1499,MONTHLY,CANCELLED,2026-09-02 14:21:58.223029
SUB_000060,CUST_00598,BUSINESS,4999,YEARLY,ACTIVE,2026-09-11 14:21:58.225035
SUB_000061,CUST_01793,PRO,1499,YEARLY,CANCELLED,2026-09-03 14:21:58.225035
SUB_000062,CUST_00784,ENTERPRISE,19999,YEARLY,CANCELLED,2026-09-18 14:21:58.225035
SUB_000063,CUST_01838,BASIC,499,YEARLY,CANCELLED,2026-09-15 14:21:58.225035
SUB_000064,CUST_01245,PRO,1499,MONTHLY,PAST_DUE,2026-09-18 14:21:58.225035
SUB_000065,CUST_00697,BASIC,499,MONTHLY,PAST_DUE,2026-09-26 14:21:58.225035
SUB_000066,CUST_01071,ENTERPRISE,19999,YEARLY,CANCELLED,2026-09-02 14:21:58.225035
SUB_000067,CUST_00856,BUSINESS,4999,MONTHLY,ACTIVE,2026-09-27 14:21:58.225035
SUB_000068,CUST_01003,BASIC,499,YEARLY,PAST_DUE,2026-09-03 14:21:58.225035
SUB_000069,CUST_00724,BUSINESS,4999,YEARLY,ACTIVE,2026-09-26 14:21:58.225035
SUB_000070,CUST_01030,BASIC,499,MONTHLY,PAST_DUE,2026-09-21 14:21:58.225035
SUB_000071,CUST_00001,BASIC,499,MONTHLY,PAST_DUE,2026-09-07 14:21:58.227042
SUB_000072,CUST_01374,ENTERPRISE,19999,MONTHLY,CANCELLED,2026-09-07 14:21:58.227042
SUB_000073,CUST_01886,ENTERPRISE,19999,MONTHLY,PAST_DUE,2026-09-24 14:21:58.227042
SUB_000074,CUST_01040,ENTERPRISE,19999,MONTHLY,PAST_DUE,2026-09-21 14:21:58.227042
SUB_000075,CUST_00494,PRO,1499,YEARLY,ACTIVE,2026-09-12 14:21:58.227042
SUB_000076,CUST_00490,ENTERPRISE,19999,YEARLY,PAST_DUE,2026-09-10 14:21:58.227042
SUB_000077,CUST_01125,BASIC,499,MONTHLY,ACTIVE,2026-09-26 14:21:58.227042
SUB_000078,CUST_00273,BASIC,499,YEARLY,ACTIVE,2026-09-26 14:21:58.227042
SUB_000079,CUST_00936,ENTERPRISE,19999,MONTHLY,ACTIVE,2026-09-04 14:21:58.227042
SUB_000080,CUST_01641,ENTERPRISE,19999,YEARLY,PAST_DUE,2026-09-08 14:21:58.227042
SUB_000081,CUST_00412,ENTERPRISE,19999,MONTHLY,CANCELLED,2026-09-15 14:21:58.227042
SUB_000082,CUST_00040,BUSINESS,4999,MONTHLY,PAST_DUE,2026-09-15 14:21:58.227042
SUB_000083,CUST_01497,BUSINESS,4999,MONTHLY,CANCELLED,2026-09-26 14:21:58.227042
SUB_000084,CUST_00679,BASIC,499,MONTHLY,CANCELLED,2026-09-22 14:21:58.227042
SUB_000085,CUST_01861,PRO,1499,YEARLY,CANCELLED,2026-09-04 14:21:58.227042
SUB_000086,CUST_01748,PRO,1499,MONTHLY,ACTIVE,2026-09-26 14:21:58.227042
SUB_000087,CUST_00309,ENTERPRISE,19999,YEARLY,PAST_DUE,2026-09-05 14:21:58.227042
SUB_000088,CUST_00606,BASIC,499,MONTHLY,PAST_DUE,2026-09-13 14:21:58.227042
SUB_000089,CUST_01963,ENTERPRISE,19999,YEARLY,ACTIVE,2026-09-28 14:21:58.227042
SUB_000090,CUST_00487,PRO,1499,YEARLY,ACTIVE,2026-09-02 14:21:58.227042
SUB_000091,CUST_01029,BUSINESS,4999,MONTHLY,PAST_DUE,2026-09-09 14:21:58.227042
SUB_000092,CUST_00063,PRO,1499,MONTHLY,CANCELLED,2026-09-29 14:21:58.227042
SUB_000093,CUST_00566,PRO,1499,MONTHLY,ACTIVE,2026-09-18 14:21:58.227042
SUB_000094,CUST_01988,ENTERPRISE,19999,YEARLY,CANCELLED,2026-09-18 14:21:58.227042
SUB_000095,CUST_01075,ENTERPRISE,19999,YEARLY,ACTIVE,2026-09-09 14:21:58.227042
SUB_000096,CUST_00570,BASIC,499,YEARLY,CANCELLED,2026-09-09 14:21:58.227042
SUB_000097,CUST_01561,PRO,1499,YEARLY,ACTIVE,2026-09-05 14:21:58.227042
SUB_000098,CUST_00728,BASIC,499,YEARLY,CANCELLED,2026-09-14 14:21:58.227042
SUB_000099,CUST_01937,PRO,1499,MONTHLY,CANCELLED,2026-09-07 14:21:58.227042
SUB_000100,CUST_01153,BASIC,499,YEARLY,ACTIVE,2026-09-24 14:21:58.227042
SUB_000101,CUST_00965,PRO,1499,YEARLY,ACTIVE,2026-09-16 14:21:58.227042
SUB_000102,CUST_00254,PRO,1499,YEARLY,PAST_DUE,2026-09-26 14:21:58.227042
SUB_000103,CUST_00437,ENTERPRISE,19999,YEARLY,PAST_DUE,2026-09-18 14:21:58.227042
SUB_000104,CUST_00084,BUSINESS,4999,MONTHLY,ACTIVE,2026-09-23 14:21:58.227042
SUB_000105,CUST_01538,ENTERPRISE,19999,YEARLY,ACTIVE,2026-09-15 14:21:58.234148
SUB_000106,CUST_00486,BUSINESS,4999,YEARLY,ACTIVE,2026-09-16 14:21:58.234148
SUB_000107,CUST_01800,BASIC,499,YEARLY,PAST_DUE,2026-09-07 14:21:58.234148
SUB_000108,CUST_01167,BASIC,499,YEARLY,CANCELLED,2026-09-26 14:21:58.234148
SUB_000109,CUST_01579,BUSINESS,4999,MONTHLY,PAST_DUE,2026-09-29 14:21:58.234148
SUB_000110,CUST_01698,PRO,1499,YEARLY,PAST_DUE,2026-09-18 14:21:58.235750
SUB_000111,CUST_00588,BUSINESS,4999,YEARLY,CANCELLED,2026-09-24 14:21:58.235750
SUB_000112,CUST_00182,BASIC,499,MONTHLY,CANCELLED,2026-09-26 14:21:58.235750
SUB_000113,CUST_00456,ENTERPRISE,19999,MONTHLY,CANCELLED,2026-09-05 14:21:58.235750
SUB_000114,CUST_01491,PRO,1499,MONTHLY,ACTIVE,2026-09-26 14:21:58.235750
SUB_000115,CUST_01342,BUSINESS,4999,MONTHLY,ACTIVE,2026-09-07 14:21:58.235750
SUB_000116,CUST_00495,PRO,1499,MONTHLY,ACTIVE,2026-09-23 14:21:58.235750
SUB_000117,CUST_01828,ENTERPRISE,19999,MONTHLY,PAST_DUE,2026-09-16 14:21:58.236819
SUB_000118,CUST_01277,BUSINESS,4999,MONTHLY,ACTIVE,2026-09-14 14:21:58.236819
SUB_000119,CUST_00953,PRO,1499,YEARLY,PAST_DUE,2026-09-10 14:21:58.237400
SUB_000120,CUST_01015,PRO,1499,MONTHLY,PAST_DUE,2026-09-29 14:21:58.237400
SUB_000121,CUST_00910,PRO,1499,MONTHLY,ACTIVE,2026-09-02 14:21:58.237400
SUB_000122,CUST_00796,BASIC,499,MONTHLY,CANCELLED,2026-09-20 14:21:58.237400
SUB_000123,CUST_01739,ENTERPRISE,19999,YEARLY,ACTIVE,2026-09-28 14:21:58.238420
SUB_000124,CUST_00882,BUSINESS,4999,YEARLY,ACTIVE,2026-09-24 14:21:58.238828
SUB_000125,CUST_00997,BUSINESS,4999,YEARLY,ACTIVE,2026-09-05 14:21:58.239368
SUB_000126,CUST_00479,BUSINESS,4999,YEARLY,CANCELLED,2026-09-18 14:21:58.239368
SUB_000127,CUST_00046,BASIC,499,MONTHLY,ACTIVE,2026-09-11 14:21:58.239964
SUB_000128,CUST_00939,ENTERPRISE,19999,MONTHLY,ACTIVE,2026-09-09 14:21:58.239964
SUB_000129,CUST_00642,PRO,1499,YEARLY,CANCELLED,2026-09-01 14:21:58.240401
SUB_000130,CUST_01420,BASIC,499,YEARLY,ACTIVE,2026-09-17 14:21:58.240401
SUB_000131,CUST_00862,PRO,1499,MONTHLY,PAST_DUE,2026-09-26 14:21:58.241444
SUB_000132,CUST_01765,BUSINESS,4999,YEARLY,ACTIVE,2026-09-11 14:21:58.241444
SUB_000133,CUST_01580,BUSINESS,4999,MONTHLY,ACTIVE,2026-09-26 14:21:58.241444
SUB_000134,CUST_00813,BASIC,499,MONTHLY,ACTIVE,2026-09-16 14:21:58.241444
SUB_000135,CUST_00787,PRO,1499,MONTHLY,CANCELLED,2026-09-16 14:21:58.241444
SUB_000136,CUST_00309,BASIC,499,YEARLY,CANCELLED,2026-09-16 14:21:58.241444
SUB_000137,CUST_01829,PRO,1499,YEARLY,PAST_DUE,2026-09-07 14:21:58.241444
SUB_000138,CUST_00808,PRO,1499,MONTHLY,PAST_DUE,2026-09-14 14:21:58.241444
SUB_000139,CUST_01078,BUSINESS,4999,YEARLY,ACTIVE,2026-09-27 14:21:58.241444
SUB_000140,CUST_01624,PRO,1499,YEARLY,CANCELLED,2026-09-01 14:21:58.241444
SUB_000141,CUST_00214,BASIC,499,MONTHLY,PAST_DUE,2026-09-11 14:21:58.241444
SUB_000142,CUST_00734,PRO,1499,YEARLY,ACTIVE,2026-09-08 14:21:58.241444
SUB_000143,CUST_00688,BUSINESS,4999,YEARLY,ACTIVE,2026-09-14 14:21:58.241444
SUB_000144,CUST_01520,ENTERPRISE,19999,MONTHLY,CANCELLED,2026-09-27 14:21:58.241444
SUB_000145,CUST_00707,PRO,1499,YEARLY,ACTIVE,2026-09-18 14:21:58.241444
SUB_000146,CUST_00008,ENTERPRISE,19999,MONTHLY,ACTIVE,2026-09-21 14:21:58.241444
SUB_000147,CUST_01975,PRO,1499,MONTHLY,CANCELLED,2026-09-20 14:21:58.241444
SUB_000148,CUST_01308,ENTERPRISE,19999,YEARLY,ACTIVE,2026-09-15 14:21:58.241444
SUB_000149,CUST_00641,PRO,1499,YEARLY,PAST_DUE,2026-09-30 14:21:58.241444
SUB_000150,CUST_01363,BUSINESS,4999,MONTHLY,ACTIVE,2026-09-27 14:21:58.241444
SUB_000151,CUST_00302,BUSINESS,4999,YEARLY,CANCELLED,2026-09-23 14:21:58.241444
SUB_000152,CUST_01907,ENTERPRISE,19999,YEARLY,ACTIVE,2026-09-05 14:21:58.241444
SUB_000153,CUST_00282,ENTERPRISE,19999,YEARLY,ACTIVE,2026-09-23 14:21:58.241444
SUB_000154,CUST_00065,PRO,1499,YEARLY,CANCELLED,2026-09-02 14:21:58.241444
SUB_000155,CUST_01928,BASIC,499,MONTHLY,ACTIVE,2026-09-29 14:21:58.241444
SUB_000156,CUST_01141,BUSINESS,4999,YEARLY,ACTIVE,2026-09-20 14:21:58.241444
SUB_000157,CUST_01140,ENTERPRISE,19999,YEARLY,CANCELLED,2026-09-25 14:21:58.241444
SUB_000158,CUST_01808,BASIC,499,YEARLY,CANCELLED,2026-09-17 14:21:58.241444
SUB_000159,CUST_00788,ENTERPRISE,19999,MONTHLY,ACTIVE,2026-09-15 14:21:58.241444
SUB_000160,CUST_01873,ENTERPRISE,19999,YEARLY,PAST_DUE,2026-09-01 14:21:58.241444
SUB_000161,CUST_01298,BUSINESS,4999,YEARLY,PAST_DUE,2026-09-29 14:21:58.241444
SUB_000162,CUST_01415,BASIC,499,MONTHLY,PAST_DUE,2026-09-30 14:21:58.251335
SUB_000163,CUST_01484,BUSINESS,4999,MONTHLY,ACTIVE,2026-09-13 14:21:58.251335
SUB_000164,CUST_01183,PRO,1499,YEARLY,PAST_DUE,2026-09-10 14:21:58.251335
SUB_000165,CUST_01415,BUSINESS,4999,YEARLY,CANCELLED,2026-09-19 14:21:58.251335
SUB_000166,CUST_00440,PRO,1499,YEARLY,ACTIVE,2026-09-19 14:21:58.251335
SUB_000167,CUST_00295,PRO,1499,YEARLY,ACTIVE,2026-09-05 14:21:58.251335
SUB_000168,CUST_01535,BASIC,499,MONTHLY,PAST_DUE,2026-09-18 14:21:58.251335
SUB_000169,CUST_00441,BUSINESS,4999,MONTHLY,ACTIVE,2026-09-20 14:21:58.251335
SUB_000170,CUST_00255,PRO,1499,YEARLY,CANCELLED,2026-09-22 14:21:58.251335
SUB_000171,CUST_00324,ENTERPRISE,19999,YEARLY,ACTIVE,2026-09-27 14:21:58.251335
SUB_000172,CUST_01231,BUSINESS,4999,MONTHLY,PAST_DUE,2026-09-29 14:21:58.251335
SUB_000173,CUST_00292,ENTERPRISE,19999,MONTHLY,ACTIVE,2026-09-28 14:21:58.251335
SUB_000174,CUST_00442,BASIC,499,MONTHLY,ACTIVE,2026-09-02 14:21:58.251335
SUB_000175,CUST_00867,PRO,1499,MONTHLY,ACTIVE,2026-09-25 14:21:58.251335
SUB_000176,CUST_01887,ENTERPRISE,19999,YEARLY,ACTIVE,2026-09-06 14:21:58.251335
SUB_000177,CUST_01771,ENTERPRISE,19999,MONTHLY,ACTIVE,2026-09-27 14:21:58.253342
SUB_000178,CUST_00823,BASIC,499,MONTHLY,ACTIVE,2026-09-03 14:21:58.253342
SUB_000179,CUST_00926,PRO,1499,MONTHLY,CANCELLED,2026-09-22 14:21:58.253342
SUB_000180,CUST_00769,PRO,1499,YEARLY,PAST_DUE,2026-09-25 14:21:58.253342
SUB_000181,CUST_01781,ENTERPRISE,19999,YEARLY,CANCELLED,2026-09-25 14:21:58.253342
SUB_000182,CUST_00418,PRO,1499,MONTHLY,CANCELLED,2026-09-26 14:21:58.253342
SUB_000183,CUST_01410,ENTERPRISE,19999,YEARLY,ACTIVE,2026-09-16 14:21:58.253342
SUB_000184,CUST_01388,ENTERPRISE,19999,MONTHLY,CANCELLED,2026-09-08 14:21:58.253342
SUB_000185,CUST_01290,BASIC,499,YEARLY,ACTIVE,2026-09-09 14:21:58.253342
SUB_000186,CUST_01506,BUSINESS,4999,YEARLY,PAST_DUE,2026-09-25 14:21:58.253342
SUB_000187,CUST_01538,BUSINESS,4999,YEARLY,ACTIVE,2026-09-14 14:21:58.253342
SUB_000188,CUST_01193,BASIC,499,YEARLY,ACTIVE,2026-09-12 14:21:58.253342
SUB_000189,CUST_00947,BUSINESS,4999,MONTHLY,CANCELLED,2026-09-04 14:21:58.253342
SUB_000190,CUST_00347,PRO,1499,YEARLY,ACTIVE,2026-09-04 14:21:58.253342
SUB_000191,CUST_01150,BASIC,499,YEARLY,CANCELLED,2026-09-05 14:21:58.253342
SUB_000192,CUST_00644,BASIC,499,YEARLY,CANCELLED,2026-09-08 14:21:58.253342
SUB_000193,CUST_00107,BASIC,499,YEARLY,PAST_DUE,2026-09-22 14:21:58.253342
SUB_000194,CUST_00859,BASIC,499,MONTHLY,ACTIVE,2026-09-04 14:21:58.253342
SUB_000195,CUST_00725,BUSINESS,4999,MONTHLY,ACTIVE,2026-09-12 14:21:58.256188
SUB_000196,CUST_01063,PRO,1499,YEARLY,ACTIVE,2026-09-25 14:21:58.256188
SUB_000197,CUST_00603,PRO,1499,MONTHLY,ACTIVE,2026-09-18 14:21:58.256188
SUB_000198,CUST_00422,BASIC,499,MONTHLY,CANCELLED,2026-09-30 14:21:58.256188
SUB_000199,CUST_00725,BUSINESS,4999,MONTHLY,ACTIVE,2026-09-26 14:21:58.256188
SUB_000200,CUST_00762,BASIC,499,MONTHLY,ACTIVE,2026-09-03 14:21:58.257409
SUB_000201,CUST_00521,PRO,1499,YEARLY,ACTIVE,2026-09-25 14:21:58.257409
SUB_000202,CUST_01393,BASIC,499,YEARLY,ACTIVE,2026-09-28 14:21:58.257409
SUB_000203,CUST_00839,PRO,1499,YEARLY,PAST_DUE,2026-09-13 14:21:58.257409
SUB_000204,CUST_00777,ENTERPRISE,19999,YEARLY,PAST_DUE,2026-09-06 14:21:58.257409
SUB_000205,CUST_00423,ENTERPRISE,19999,MONTHLY,ACTIVE,2026-09-29 14:21:58.257409
SUB_000206,CUST_01012,ENTERPRISE,19999,MONTHLY,PAST_DUE,2026-09-09 14:21:58.258408
SUB_000207,CUST_00537,PRO,1499,MONTHLY,ACTIVE,2026-09-19 14:21:58.258408
SUB_000208,CUST_00770,BASIC,499,YEARLY,ACTIVE,2026-09-23 14:21:58.258408
SUB_000209,CUST_00785,BUSINESS,4999,MONTHLY,ACTIVE,2026-09-16 14:21:58.258408
SUB_000210,CUST_01047,BASIC,499,MONTHLY,ACTIVE,2026-09-30 14:21:58.259407
SUB_000211,CUST_00158,BUSINESS,4999,MONTHLY,CANCELLED,2026-09-15 14:21:58.259407
SUB_000212,CUST_01191,BASIC,499,YEARLY,PAST_DUE,2026-09-24 14:21:58.260406
SUB_000213,CUST_01638,BUSINESS,4999,MONTHLY,PAST_DUE,2026-09-16 14:21:58.260406
SUB_000214,CUST_00325,PRO,1499,MONTHLY,CANCELLED,2026-09-22 14:21:58.260406
SUB_000215,CUST_00981,PRO,1499,MONTHLY,PAST_DUE,2026-09-12 14:21:58.261412
SUB_000216,CUST_00318,BUSINESS,4999,MONTHLY,PAST_DUE,2026-09-14 14:21:58.261412
SUB_000217,CUST_00594,BUSINESS,4999,MONTHLY,ACTIVE,2026-09-05 14:21:58.261412
SUB_000218,CUST_01047,BUSINESS,4999,YEARLY,CANCELLED,2026-09-10 14:21:58.261412
SUB_000219,CUST_00180,PRO,1499,YEARLY,PAST_DUE,2026-09-05 14:21:58.262410
SUB_000220,CUST_00318,BUSINESS,4999,MONTHLY,ACTIVE,2026-09-25 14:21:58.262410
SUB_000221,CUST_00347,BUSINESS,4999,MONTHLY,ACTIVE,2026-09-26 14:21:58.262410
SUB_000222,CUST_00422,BASIC,499,YEARLY,ACTIVE,2026-09-22 14:21:58.262410
SUB_000223,CUST_00203,BUSINESS,4999,YEARLY,ACTIVE,2026-09-06 14:21:58.263410
SUB_000224,CUST_01981,BASIC,499,MONTHLY,CANCELLED,2026-09-28 14:21:58.263410
SUB_000225,CUST_00716,BASIC,499,YEARLY,CANCELLED,2026-09-05 14:21:58.263410
SUB_000226,CUST_01320,PRO,1499,YEARLY,PAST_DUE,2026-09-04 14:21:58.263410
SUB_000227,CUST_01207,BUSINESS,4999,YEARLY,ACTIVE,2026-09-07 14:21:58.264412
SUB_000228,CUST_00755,PRO,1499,YEARLY,PAST_DUE,2026-09-11 14:21:58.264412
SUB_000229,CUST_01434,PRO,1499,MONTHLY,PAST_DUE,2026-09-01 14:21:58.264412
SUB_000230,CUST_01451,ENTERPRISE,19999,YEARLY,PAST_DUE,2026-09-17 14:21:58.264412
SUB_000231,CUST_00891,BUSINESS,4999,MONTHLY,PAST_DUE,2026-09-16 14:21:58.264412
SUB_000232,CUST_00806,PRO,1499,YEARLY,ACTIVE,2026-09-25 14:21:58.264412
SUB_000233,CUST_00392,BUSINESS,4999,YEARLY,CANCELLED,2026-09-09 14:21:58.264412
SUB_000234,CUST_00247,BASIC,499,MONTHLY,CANCELLED,2026-09-19 14:21:58.265407
SUB_000235,CUST_00665,ENTERPRISE,19999,YEARLY,CANCELLED,2026-09-20 14:21:58.265407
SUB_000236,CUST_01382,BASIC,499,MONTHLY,CANCELLED,2026-09-10 14:21:58.265407
SUB_000237,CUST_01706,BUSINESS,4999,MONTHLY,ACTIVE,2026-09-28 14:21:58.265407
SUB_000238,CUST_00990,ENTERPRISE,19999,MONTHLY,ACTIVE,2026-09-25 14:21:58.265407
SUB_000239,CUST_01308,BUSINESS,4999,MONTHLY,PAST_DUE,2026-09-28 14:21:58.265407
SUB_000240,CUST_00884,BUSINESS,4999,MONTHLY,ACTIVE,2026-09-25 14:21:58.265407
SUB_000241,CUST_00088,BUSINESS,4999,MONTHLY,CANCELLED,2026-09-16 14:21:58.265407
SUB_000242,CUST_01065,BUSINESS,4999,YEARLY,CANCELLED,2026-09-03 14:21:58.266409
SUB_000243,CUST_01723,PRO,1499,MONTHLY,PAST_DUE,2026-09-27 14:21:58.266409
SUB_000244,CUST_01997,ENTERPRISE,19999,YEARLY,CANCELLED,2026-09-06 14:21:58.266409
SUB_000245,CUST_01492,ENTERPRISE,19999,MONTHLY,ACTIVE,2026-09-03 14:21:58.266409
SUB_000246,CUST_00298,ENTERPRISE,19999,MONTHLY,ACTIVE,2026-09-08 14:21:58.266409
SUB_000247,CUST_01051,ENTERPRISE,19999,MONTHLY,PAST_DUE,2026-09-07 14:21:58.266409
SUB_000248,CUST_01123,ENTERPRISE,19999,YEARLY,ACTIVE,2026-09-02 14:21:58.266409
SUB_000249,CUST_00533,ENTERPRISE,19999,MONTHLY,ACTIVE,2026-09-21 14:21:58.266409
SUB_000250,CUST_01762,PRO,1499,MONTHLY,CANCELLED,2026-09-24 14:21:58.266409
SUB_000251,CUST_01991,ENTERPRISE,19999,MONTHLY,ACTIVE,2026-09-08 14:21:58.267408
SUB_000252,CUST_00070,PRO,1499,MONTHLY,ACTIVE,2026-09-14 14:21:58.267408
SUB_000253,CUST_00714,BUSINESS,4999,YEARLY,CANCELLED,2026-09-09 14:21:58.267408
SUB_000254,CUST_01457,BASIC,499,YEARLY,ACTIVE,2026-09-11 14:21:58.267408
SUB_000255,CUST_01960,BASIC,499,MONTHLY,ACTIVE,2026-09-16 14:21:58.267408
SUB_000256,CUST_00712,BASIC,499,YEARLY,CANCELLED,2026-09-02 14:21:58.267408
SUB_000257,CUST_00956,BASIC,499,MONTHLY,PAST_DUE,2026-09-17 14:21:58.267408
SUB_000258,CUST_00810,ENTERPRISE,19999,MONTHLY,PAST_DUE,2026-09-10 14:21:58.267408
SUB_000259,CUST_00178,BASIC,499,MONTHLY,ACTIVE,2026-09-25 14:21:58.268407
SUB_000260,CUST_01530,PRO,1499,YEARLY,ACTIVE,2026-09-01 14:21:58.268407
SUB_000261,CUST_01698,PRO,1499,MONTHLY,ACTIVE,2026-09-12 14:21:58.268407
SUB_000262,CUST_00801,BASIC,499,YEARLY,ACTIVE,2026-09-25 14:21:58.268407
SUB_000263,CUST_01133,BUSINESS,4999,YEARLY,ACTIVE,2026-09-01 14:21:58.268407
SUB_000264,CUST_01907,ENTERPRISE,19999,YEARLY,PAST_DUE,2026-09-08 14:21:58.268407
SUB_000265,CUST_01122,PRO,1499,YEARLY,ACTIVE,2026-09-04 14:21:58.268407
SUB_000266,CUST_00108,BUSINESS,4999,MONTHLY,PAST_DUE,2026-09-08 14:21:58.268407
SUB_000267,CUST_00191,PRO,1499,MONTHLY,PAST_DUE,2026-09-23 14:21:58.269406
SUB_000268,CUST_00370,BUSINESS,4999,MONTHLY,PAST_DUE,2026-09-04 14:21:58.269406
SUB_000269,CUST_01012,BUSINESS,4999,MONTHLY,PAST_DUE,2026-09-04 14:21:58.269406
SUB_000270,CUST_01885,BASIC,499,MONTHLY,PAST_DUE,2026-09-01 14:21:58.269406
SUB_000271,CUST_01473,ENTERPRISE,19999,YEARLY,ACTIVE,2026-09-24 14:21:58.269406
SUB_000272,CUST_01378,ENTERPRISE,19999,MONTHLY,CANCELLED,2026-09-14 14:21:58.269406
SUB_000273,CUST_00764,BUSINESS,4999,YEARLY,ACTIVE,2026-09-04 14:21:58.269406
SUB_000274,CUST_01098,BASIC,499,MONTHLY,ACTIVE,2026-09-20 14:21:58.270409
SUB_000275,CUST_01752,ENTERPRISE,19999,MONTHLY,CANCELLED,2026-09-16 14:21:58.270409
SUB_000276,CUST_00017,BUSINESS,4999,MONTHLY,ACTIVE,2026-09-20 14:21:58.270409
SUB_000277,CUST_01712,BUSINESS,4999,MONTHLY,ACTIVE,2026-09-17 14:21:58.270409
SUB_000278,CUST_01121,BUSINESS,4999,MONTHLY,ACTIVE,2026-09-02 14:21:58.270409
SUB_000279,CUST_01334,BUSINESS,4999,MONTHLY,ACTIVE,2026-09-23 14:21:58.270409
SUB_000280,CUST_00135,BASIC,499,MONTHLY,CANCELLED,2026-09-29 14:21:58.270409
SUB_000281,CUST_00089,PRO,1499,MONTHLY,ACTIVE,2026-09-11 14:21:58.270409
SUB_000282,CUST_00764,BASIC,499,YEARLY,CANCELLED,2026-09-18 14:21:58.271407
SUB_000283,CUST_00484,PRO,1499,YEARLY,CANCELLED,2026-09-07 14:21:58.271407
SUB_000284,CUST_01818,BUSINESS,4999,YEARLY,CANCELLED,2026-09-23 14:21:58.271407
SUB_000285,CUST_00922,PRO,1499,YEARLY,CANCELLED,2026-09-22 14:21:58.272408
SUB_000286,CUST_01488,BUSINESS,4999,MONTHLY,CANCELLED,2026-09-16 14:21:58.272408
SUB_000287,CUST_00533,BUSINESS,4999,MONTHLY,PAST_DUE,2026-09-24 14:21:58.272408
SUB_000288,CUST_00125,BASIC,499,MONTHLY,CANCELLED,2026-09-15 14:21:58.272890
SUB_000289,CUST_00441,PRO,1499,YEARLY,CANCELLED,2026-09-13 14:21:58.272890
SUB_000290,CUST_01059,BASIC,499,YEARLY,ACTIVE,2026-09-12 14:21:58.272890
SUB_000291,CUST_01567,PRO,1499,YEARLY,CANCELLED,2026-09-06 14:21:58.272890
SUB_000292,CUST_00801,BUSINESS,4999,YEARLY,CANCELLED,2026-09-27 14:21:58.272890
SUB_000293,CUST_00318,BUSINESS,4999,YEARLY,ACTIVE,2026-09-27 14:21:58.272890
SUB_000294,CUST_00938,BUSINESS,4999,MONTHLY,CANCELLED,2026-09-30 14:21:58.272890
SUB_000295,CUST_00964,ENTERPRISE,19999,MONTHLY,CANCELLED,2026-09-02 14:21:58.272890
SUB_000296,CUST_00374,BUSINESS,4999,YEARLY,ACTIVE,2026-09-21 14:21:58.273936
SUB_000297,CUST_01962,BASIC,499,YEARLY,ACTIVE,2026-09-28 14:21:58.273936
SUB_000298,CUST_00394,BUSINESS,4999,YEARLY,CANCELLED,2026-09-07 14:21:58.273936
SUB_000299,CUST_01525,ENTERPRISE,19999,YEARLY,PAST_DUE,2026-09-13 14:21:58.273936
SUB_000300,CUST_00733,BASIC,499,MONTHLY,ACTIVE,2026-09-10 14:21:58.273936
SUB_000301,CUST_01842,PRO,1499,MONTHLY,CANCELLED,2026-09-28 14:21:58.273936
SUB_000302,CUST_01500,ENTERPRISE,19999,YEARLY,PAST_DUE,2026-09-23 14:21:58.273936
SUB_000303,CUST_01291,BASIC,499,MONTHLY,ACTIVE,2026-09-30 14:21:58.274932
SUB_000304,CUST_00409,BASIC,499,MONTHLY,ACTIVE,2026-09-20 14:21:58.274932
SUB_000305,CUST_00805,BUSINESS,4999,YEARLY,ACTIVE,2026-09-15 14:21:58.274932
SUB_000306,CUST_01676,ENTERPRISE,19999,MONTHLY,CANCELLED,2026-09-25 14:21:58.274932
SUB_000307,CUST_00760,ENTERPRISE,19999,MONTHLY,ACTIVE,2026-09-19 14:21:58.274932
SUB_000308,CUST_00353,ENTERPRISE,19999,MONTHLY,ACTIVE,2026-09-07 14:21:58.274932
SUB_000309,CUST_00127,BASIC,499,YEARLY,ACTIVE,2026-09-04 14:21:58.274932
SUB_000310,CUST_01831,BASIC,499,MONTHLY,PAST_DUE,2026-09-08 14:21:58.274932
SUB_000311,CUST_01346,BUSINESS,4999,MONTHLY,PAST_DUE,2026-09-29 14:21:58.275931
SUB_000312,CUST_00559,BUSINESS,4999,YEARLY,PAST_DUE,2026-09-01 14:21:58.275931
SUB_000313,CUST_01048,ENTERPRISE,19999,MONTHLY,ACTIVE,2026-09-28 14:21:58.275931
SUB_000314,CUST_01316,BASIC,499,MONTHLY,ACTIVE,2026-09-11 14:21:58.275931
SUB_000315,CUST_01181,ENTERPRISE,19999,YEARLY,CANCELLED,2026-09-28 14:21:58.275931
SUB_000316,CUST_01131,BUSINESS,4999,YEARLY,ACTIVE,2026-09-04 14:21:58.275931
SUB_000317,CUST_00450,PRO,1499,MONTHLY,PAST_DUE,2026-09-08 14:21:58.275931
SUB_000318,CUST_01997,BASIC,499,MONTHLY,ACTIVE,2026-09-26 14:21:58.276930
SUB_000319,CUST_01305,ENTERPRISE,19999,MONTHLY,ACTIVE,2026-09-19 14:21:58.276930
SUB_000320,CUST_01329,BUSINESS,4999,YEARLY,PAST_DUE,2026-09-16 14:21:58.276930
SUB_000321,CUST_00226,ENTERPRISE,19999,YEARLY,CANCELLED,2026-09-23 14:21:58.276930
SUB_000322,CUST_01814,ENTERPRISE,19999,MONTHLY,ACTIVE,2026-09-15 14:21:58.276930
SUB_000323,CUST_01108,ENTERPRISE,19999,YEARLY,ACTIVE,2026-09-30 14:21:58.276930
SUB_000324,CUST_01456,BUSINESS,4999,MONTHLY,PAST_DUE,2026-09-24 14:21:58.276930
SUB_000325,CUST_01994,BASIC,499,MONTHLY,ACTIVE,2026-09-26 14:21:58.277931
SUB_000326,CUST_00935,ENTERPRISE,19999,MONTHLY,ACTIVE,2026-09-27 14:21:58.277931
SUB_000327,CUST_01076,BUSINESS,4999,MONTHLY,ACTIVE,2026-09-26 14:21:58.277931
SUB_000328,CUST_00494,PRO,1499,YEARLY,CANCELLED,2026-09-28 14:21:58.277931
SUB_000329,CUST_00001,PRO,1499,MONTHLY,CANCELLED,2026-09-13 14:21:58.277931
SUB_000330,CUST_00364,ENTERPRISE,19999,MONTHLY,ACTIVE,2026-09-28 14:21:58.277931
SUB_000331,CUST_01197,PRO,1499,MONTHLY,ACTIVE,2026-09-03 14:21:58.277931
SUB_000332,CUST_00108,ENTERPRISE,19999,YEARLY,PAST_DUE,2026-09-04 14:21:58.277931
SUB_000333,CUST_00881,PRO,1499,YEARLY,CANCELLED,2026-09-15 14:21:58.278933
SUB_000334,CUST_01910,PRO,1499,MONTHLY,ACTIVE,2026-09-04 14:21:58.278933
SUB_000335,CUST_01387,BASIC,499,MONTHLY,CANCELLED,2026-09-02 14:21:58.278933
SUB_000336,CUST_00311,BASIC,499,MONTHLY,ACTIVE,2026-09-24 14:21:58.278933
SUB_000337,CUST_00795,BUSINESS,4999,YEARLY,ACTIVE,2026-09-16 14:21:58.278933
SUB_000338,CUST_00418,BASIC,499,YEARLY,ACTIVE,2026-09-06 14:21:58.278933
SUB_000339,CUST_01774,BUSINESS,4999,YEARLY,PAST_DUE,2026-09-12 14:21:58.278933
SUB_000340,CUST_00180,BASIC,499,YEARLY,ACTIVE,2026-09-08 14:21:58.279933
SUB_000341,CUST_01174,PRO,1499,MONTHLY,ACTIVE,2026-09-14 14:21:58.279933
SUB_000342,CUST_00592,ENTERPRISE,19999,YEARLY,ACTIVE,2026-09-20 14:21:58.279933
SUB_000343,CUST_00221,BASIC,499,MONTHLY,CANCELLED,2026-09-21 14:21:58.279933
SUB_000344,CUST_01199,BASIC,499,YEARLY,CANCELLED,2026-09-19 14:21:58.279933
SUB_000345,CUST_01244,BUSINESS,4999,MONTHLY,PAST_DUE,2026-09-11 14:21:58.279933
SUB_000346,CUST_00842,ENTERPRISE,19999,YEARLY,CANCELLED,2026-09-04 14:21:58.279933
SUB_000347,CUST_00387,BUSINESS,4999,MONTHLY,PAST_DUE,2026-09-03 14:21:58.280933
SUB_000348,CUST_01292,PRO,1499,MONTHLY,ACTIVE,2026-09-09 14:21:58.280933
SUB_000349,CUST_00819,BUSINESS,4999,MONTHLY,PAST_DUE,2026-09-17 14:21:58.280933
SUB_000350,CUST_01706,PRO,1499,YEARLY,ACTIVE,2026-09-27 14:21:58.280933
SUB_000351,CUST_01239,ENTERPRISE,19999,YEARLY,CANCELLED,2026-09-17 14:21:58.280933
SUB_000352,CUST_00763,BUSINESS,4999,YEARLY,CANCELLED,2026-09-27 14:21:58.280933
SUB_000353,CUST_00774,BUSINESS,4999,YEARLY,ACTIVE,2026-09-01 14:21:58.280933
SUB_000354,CUST_00843,PRO,1499,YEARLY,ACTIVE,2026-09-03 14:21:58.281931
SUB_000355,CUST_01743,ENTERPRISE,19999,YEARLY,PAST_DUE,2026-09-28 14:21:58.281931
SUB_000356,CUST_00276,ENTERPRISE,19999,MONTHLY,PAST_DUE,2026-09-03 14:21:58.281931
SUB_000357,CUST_00149,PRO,1499,MONTHLY,PAST_DUE,2026-09-09 14:21:58.281931
SUB_000358,CUST_00325,BASIC,499,YEARLY,ACTIVE,2026-09-25 14:21:58.281931
SUB_000359,CUST_00181,BUSINESS,4999,YEARLY,CANCELLED,2026-09-14 14:21:58.281931
SUB_000360,CUST_01113,PRO,1499,YEARLY,PAST_DUE,2026-09-03 14:21:58.281931
SUB_000361,CUST_00816,PRO,1499,MONTHLY,ACTIVE,2026-09-10 14:21:58.282931
SUB_000362,CUST_00680,ENTERPRISE,19999,MONTHLY,CANCELLED,2026-09-16 14:21:58.282931
SUB_000363,CUST_00454,BASIC,499,YEARLY,ACTIVE,2026-09-20 14:21:58.282931
SUB_000364,CUST_01441,PRO,1499,YEARLY,CANCELLED,2026-09-24 14:21:58.282931
SUB_000365,CUST_01983,BUSINESS,4999,YEARLY,CANCELLED,2026-09-28 14:21:58.282931
SUB_000366,CUST_00679,BUSINESS,4999,MONTHLY,PAST_DUE,2026-09-10 14:21:58.282931
SUB_000367,CUST_00743,ENTERPRISE,19999,YEARLY,CANCELLED,2026-09-09 14:21:58.282931
SUB_000368,CUST_01096,BUSINESS,4999,YEARLY,ACTIVE,2026-09-03 14:21:58.283933
SUB_000369,CUST_01615,PRO,1499,YEARLY,CANCELLED,2026-09-17 14:21:58.283933
SUB_000370,CUST_01320,PRO,1499,MONTHLY,CANCELLED,2026-09-06 14:21:58.283933
SUB_000371,CUST_00293,ENTERPRISE,19999,YEARLY,ACTIVE,2026-09-21 14:21:58.283933
SUB_000372,CUST_01373,PRO,1499,YEARLY,PAST_DUE,2026-09-02 14:21:58.283933
SUB_000373,CUST_01536,BUSINESS,4999,MONTHLY,CANCELLED,2026-09-23 14:21:58.283933
SUB_000374,CUST_00874,BASIC,499,YEARLY,PAST_DUE,2026-09-16 14:21:58.284933
SUB_000375,CUST_00011,PRO,1499,MONTHLY,ACTIVE,2026-09-18 14:21:58.284933
SUB_000376,CUST_00981,PRO,1499,YEARLY,ACTIVE,2026-09-07 14:21:58.284933
SUB_000377,CUST_00506,BASIC,499,YEARLY,ACTIVE,2026-09-01 14:21:58.284933
SUB_000378,CUST_01886,BASIC,499,MONTHLY,CANCELLED,2026-09-22 14:21:58.284933
SUB_000379,CUST_00510,PRO,1499,YEARLY,ACTIVE,2026-09-07 14:21:58.284933
SUB_000380,CUST_00051,ENTERPRISE,19999,MONTHLY,CANCELLED,2026-09-21 14:21:58.284933
SUB_000381,CUST_00357,BUSINESS,4999,YEARLY,ACTIVE,2026-09-19 14:21:58.285932
SUB_000382,CUST_00946,BUSINESS,4999,MONTHLY,ACTIVE,2026-09-24 14:21:58.285932
SUB_000383,CUST_01826,BUSINESS,4999,MONTHLY,ACTIVE,2026-09-05 14:21:58.285932
SUB_000384,CUST_00643,ENTERPRISE,19999,YEARLY,PAST_DUE,2026-09-23 14:21:58.285932
SUB_000385,CUST_00070,BUSINESS,4999,MONTHLY,ACTIVE,2026-09-17 14:21:58.285932
SUB_000386,CUST_00878,PRO,1499,YEARLY,ACTIVE,2026-09-16 14:21:58.285932
SUB_000387,CUST_01201,BUSINESS,4999,MONTHLY,CANCELLED,2026-09-25 14:21:58.285932
SUB_000388,CUST_00247,PRO,1499,MONTHLY,ACTIVE,2026-09-14 14:21:58.286931
SUB_000389,CUST_00581,BASIC,499,MONTHLY,ACTIVE,2026-09-10 14:21:58.286931
SUB_000390,CUST_01160,BASIC,499,MONTHLY,CANCELLED,2026-09-02 14:21:58.286931
SUB_000391,CUST_00113,PRO,1499,YEARLY,ACTIVE,2026-09-18 14:21:58.286931
SUB_000392,CUST_01337,PRO,1499,YEARLY,ACTIVE,2026-09-12 14:21:58.286931
SUB_000393,CUST_01313,ENTERPRISE,19999,YEARLY,PAST_DUE,2026-09-19 14:21:58.286931
SUB_000394,CUST_00158,ENTERPRISE,19999,YEARLY,PAST_DUE,2026-09-26 14:21:58.286931
SUB_000395,CUST_00413,PRO,1499,MONTHLY,ACTIVE,2026-09-22 14:21:58.287931
SUB_000396,CUST_01161,PRO,1499,MONTHLY,ACTIVE,2026-09-17 14:21:58.287931
SUB_000397,CUST_01354,ENTERPRISE,19999,MONTHLY,PAST_DUE,2026-09-12 14:21:58.287931
SUB_000398,CUST_01854,PRO,1499,MONTHLY,ACTIVE,2026-09-08 14:21:58.287931
SUB_000399,CUST_00802,PRO,1499,YEARLY,CANCELLED,2026-09-06 14:21:58.287931
SUB_000400,CUST_00802,ENTERPRISE,19999,YEARLY,ACTIVE,2026-09-08 14:21:58.287931
SUB_000401,CUST_00791,BUSINESS,4999,MONTHLY,PAST_DUE,2026-09-09 14:21:58.288931
SUB_000402,CUST_00506,ENTERPRISE,19999,MONTHLY,ACTIVE,2026-09-02 14:21:58.288931
SUB_000403,CUST_01207,BASIC,499,YEARLY,ACTIVE,2026-09-05 14:21:58.289415
SUB_000404,CUST_01931,BASIC,499,MONTHLY,ACTIVE,2026-09-10 14:21:58.289415
SUB_000405,CUST_00025,PRO,1499,MONTHLY,ACTIVE,2026-09-30 14:21:58.289415
SUB_000406,CUST_00056,ENTERPRISE,19999,MONTHLY,CANCELLED,2026-09-07 14:21:58.289415
SUB_000407,CUST_00333,PRO,1499,MONTHLY,ACTIVE,2026-09-12 14:21:58.290425
SUB_000408,CUST_00037,ENTERPRISE,19999,YEARLY,ACTIVE,2026-09-09 14:21:58.290932
SUB_000409,CUST_00302,PRO,1499,MONTHLY,CANCELLED,2026-09-05 14:21:58.290932
SUB_000410,CUST_00998,BASIC,499,YEARLY,ACTIVE,2026-09-05 14:21:58.290932
SUB_000411,CUST_01479,BUSINESS,4999,MONTHLY,PAST_DUE,2026-09-22 14:21:58.291940
SUB_000412,CUST_00942,PRO,1499,MONTHLY,CANCELLED,2026-09-27 14:21:58.291940
SUB_000413,CUST_00285,BASIC,499,MONTHLY,PAST_DUE,2026-09-05 14:21:58.291940
SUB_000414,CUST_01097,PRO,1499,MONTHLY,ACTIVE,2026-09-06 14:21:58.291940
SUB_000415,CUST_01019,BUSINESS,4999,MONTHLY,PAST_DUE,2026-09-21 14:21:58.291940
SUB_000416,CUST_00353,PRO,1499,YEARLY,CANCELLED,2026-09-13 14:21:58.292940
SUB_000417,CUST_00760,BUSINESS,4999,YEARLY,ACTIVE,2026-09-12 14:21:58.292940
SUB_000418,CUST_01675,PRO,1499,MONTHLY,PAST_DUE,2026-09-06 14:21:58.292940
SUB_000419,CUST_01551,BUSINESS,4999,YEARLY,CANCELLED,2026-09-12 14:21:58.292940
SUB_000420,CUST_00053,BUSINESS,4999,YEARLY,CANCELLED,2026-09-06 14:21:58.292940
SUB_000421,CUST_00420,BUSINESS,4999,MONTHLY,CANCELLED,2026-09-22 14:21:58.292940
SUB_000422,CUST_01894,BASIC,499,YEARLY,PAST_DUE,2026-09-06 14:21:58.292940
SUB_000423,CUST_01774,PRO,1499,MONTHLY,CANCELLED,2026-09-02 14:21:58.293939
SUB_000424,CUST_01604,PRO,1499,YEARLY,ACTIVE,2026-09-09 14:21:58.293939
SUB_000425,CUST_00832,BUSINESS,4999,YEARLY,ACTIVE,2026-09-05 14:21:58.293939
SUB_000426,CUST_00691,BUSINESS,4999,MONTHLY,ACTIVE,2026-09-14 14:21:58.293939
SUB_000427,CUST_00390,ENTERPRISE,19999,MONTHLY,ACTIVE,2026-09-18 14:21:58.293939
SUB_000428,CUST_00591,PRO,1499,YEARLY,CANCELLED,2026-09-03 14:21:58.293939
SUB_000429,CUST_01074,BASIC,499,YEARLY,ACTIVE,2026-09-29 14:21:58.293939
SUB_000430,CUST_00141,PRO,1499,YEARLY,PAST_DUE,2026-09-20 14:21:58.293939
SUB_000431,CUST_00156,BASIC,499,YEARLY,ACTIVE,2026-09-26 14:21:58.294939
SUB_000432,CUST_01408,ENTERPRISE,19999,YEARLY,PAST_DUE,2026-09-05 14:21:58.294939
SUB_000433,CUST_01892,BUSINESS,4999,MONTHLY,PAST_DUE,2026-09-11 14:21:58.294939
SUB_000434,CUST_00118,ENTERPRISE,19999,MONTHLY,CANCELLED,2026-09-11 14:21:58.294939
SUB_000435,CUST_00536,BUSINESS,4999,MONTHLY,ACTIVE,2026-09-18 14:21:58.294939
SUB_000436,CUST_00897,BUSINESS,4999,MONTHLY,CANCELLED,2026-09-06 14:21:58.294939
SUB_000437,CUST_00166,BASIC,499,YEARLY,ACTIVE,2026-09-11 14:21:58.294939
SUB_000438,CUST_00373,BUSINESS,4999,MONTHLY,PAST_DUE,2026-09-25 14:21:58.295940
SUB_000439,CUST_01992,ENTERPRISE,19999,YEARLY,PAST_DUE,2026-09-27 14:21:58.295940
SUB_000440,CUST_00672,PRO,1499,YEARLY,CANCELLED,2026-09-07 14:21:58.295940
SUB_000441,CUST_00655,ENTERPRISE,19999,YEARLY,ACTIVE,2026-09-16 14:21:58.295940
SUB_000442,CUST_01888,ENTERPRISE,19999,YEARLY,ACTIVE,2026-09-04 14:21:58.295940
SUB_000443,CUST_01799,PRO,1499,MONTHLY,CANCELLED,2026-09-13 14:21:58.295940
SUB_000444,CUST_00250,BASIC,499,YEARLY,CANCELLED,2026-09-12 14:21:58.296940
SUB_000445,CUST_00898,BASIC,499,YEARLY,CANCELLED,2026-09-02 14:21:58.296940
SUB_000446,CUST_00728,ENTERPRISE,19999,MONTHLY,PAST_DUE,2026-09-02 14:21:58.296940
SUB_000447,CUST_01931,BASIC,499,MONTHLY,CANCELLED,2026-09-15 14:21:58.296940
SUB_000448,CUST_01154,ENTERPRISE,19999,YEARLY,PAST_DUE,2026-09-22 14:21:58.296940
SUB_000449,CUST_01267,BUSINESS,4999,MONTHLY,PAST_DUE,2026-09-14 14:21:58.296940
SUB_000450,CUST_01096,BASIC,499,MONTHLY,ACTIVE,2026-09-30 14:21:58.297940
SUB_000451,CUST_01752,BASIC,499,YEARLY,ACTIVE,2026-09-05 14:21:58.297940
SUB_000452,CUST_01463,BUSINESS,4999,YEARLY,PAST_DUE,2026-09-29 14:21:58.297940
SUB_000453,CUST_00094,BASIC,499,MONTHLY,PAST_DUE,2026-09-25 14:21:58.297940
SUB_000454,CUST_01009,PRO,1499,MONTHLY,PAST_DUE,2026-09-22 14:21:58.297940
SUB_000455,CUST_00863,PRO,1499,YEARLY,CANCELLED,2026-09-11 14:21:58.298940
SUB_000456,CUST_00188,BASIC,499,MONTHLY,ACTIVE,2026-09-10 14:21:58.298940
SUB_000457,CUST_01425,BASIC,499,MONTHLY,ACTIVE,2026-09-16 14:21:58.298940
SUB_000458,CUST_01154,BASIC,499,MONTHLY,ACTIVE,2026-09-18 14:21:58.298940
SUB_000459,CUST_00936,BUSINESS,4999,YEARLY,ACTIVE,2026-09-08 14:21:58.298940
SUB_000460,CUST_01230,BUSINESS,4999,MONTHLY,CANCELLED,2026-09-30 14:21:58.298940
SUB_000461,CUST_00766,ENTERPRISE,19999,MONTHLY,PAST_DUE,2026-09-21 14:21:58.299940
SUB_000462,CUST_00847,ENTERPRISE,19999,MONTHLY,CANCELLED,2026-09-21 14:21:58.299940
SUB_000463,CUST_01644,PRO,1499,YEARLY,PAST_DUE,2026-09-10 14:21:58.299940
SUB_000464,CUST_00663,ENTERPRISE,19999,YEARLY,PAST_DUE,2026-09-14 14:21:58.299940
SUB_000465,CUST_00502,BASIC,499,MONTHLY,ACTIVE,2026-09-21 14:21:58.299940
SUB_000466,CUST_00240,BASIC,499,YEARLY,ACTIVE,2026-09-20 14:21:58.300940
SUB_000467,CUST_00592,BASIC,499,MONTHLY,CANCELLED,2026-09-25 14:21:58.300940
SUB_000468,CUST_01031,PRO,1499,YEARLY,CANCELLED,2026-09-12 14:21:58.300940
SUB_000469,CUST_00595,BASIC,499,YEARLY,CANCELLED,2026-09-01 14:21:58.300940
SUB_000470,CUST_01797,BASIC,499,MONTHLY,PAST_DUE,2026-09-07 14:21:58.300940
SUB_000471,CUST_01257,BASIC,499,MONTHLY,PAST_DUE,2026-09-27 14:21:58.300940
SUB_000472,CUST_01560,BUSINESS,4999,MONTHLY,ACTIVE,2026-09-21 14:21:58.301940
SUB_000473,CUST_01005,BUSINESS,4999,YEARLY,ACTIVE,2026-09-24 14:21:58.301940
SUB_000474,CUST_00734,BUSINESS,4999,YEARLY,ACTIVE,2026-09-04 14:21:58.301940
SUB_000475,CUST_01093,ENTERPRISE,19999,YEARLY,PAST_DUE,2026-09-20 14:21:58.301940
SUB_000476,CUST_00437,BUSINESS,4999,MONTHLY,ACTIVE,2026-09-11 14:21:58.301940
SUB_000477,CUST_00813,BUSINESS,4999,YEARLY,ACTIVE,2026-09-11 14:21:58.302940
SUB_000478,CUST_01348,PRO,1499,MONTHLY,PAST_DUE,2026-09-26 14:21:58.302940
SUB_000479,CUST_01803,BASIC,499,MONTHLY,PAST_DUE,2026-09-12 14:21:58.302940
SUB_000480,CUST_00166,BASIC,499,MONTHLY,CANCELLED,2026-09-26 14:21:58.302940
SUB_000481,CUST_00958,BUSINESS,4999,MONTHLY,ACTIVE,2026-09-18 14:21:58.302940
SUB_000482,CUST_00338,PRO,1499,YEARLY,PAST_DUE,2026-09-11 14:21:58.302940
SUB_000483,CUST_00406,ENTERPRISE,19999,MONTHLY,CANCELLED,2026-09-22 14:21:58.303940
SUB_000484,CUST_01716,ENTERPRISE,19999,YEARLY,PAST_DUE,2026-09-07 14:21:58.303940
SUB_000485,CUST_00968,BASIC,499,YEARLY,CANCELLED,2026-09-07 14:21:58.303940
SUB_000486,CUST_01027,ENTERPRISE,19999,YEARLY,ACTIVE,2026-09-05 14:21:58.303940
SUB_000487,CUST_00912,ENTERPRISE,19999,YEARLY,ACTIVE,2026-09-28 14:21:58.303940
SUB_000488,CUST_01810,ENTERPRISE,19999,MONTHLY,ACTIVE,2026-09-18 14:21:58.304940
SUB_000489,CUST_01981,BUSINESS,4999,MONTHLY,CANCELLED,2026-09-15 14:21:58.304940
SUB_000490,CUST_01300,BUSINESS,4999,YEARLY,PAST_DUE,2026-09-27 14:21:58.304940
SUB_000491,CUST_01253,BUSINESS,4999,MONTHLY,ACTIVE,2026-09-14 14:21:58.304940
SUB_000492,CUST_01974,ENTERPRISE,19999,MONTHLY,CANCELLED,2026-09-08 14:21:58.304940
SUB_000493,CUST_01387,BUSINESS,4999,YEARLY,PAST_DUE,2026-09-06 14:21:58.305941
SUB_000494,CUST_01814,PRO,1499,MONTHLY,ACTIVE,2026-09-10 14:21:58.305941
SUB_000495,CUST_00703,PRO,1499,MONTHLY,PAST_DUE,2026-09-28 14:21:58.305941
SUB_000496,CUST_01119,BASIC,499,YEARLY,ACTIVE,2026-09-16 14:21:58.305941
SUB_000497,CUST_00033,BASIC,499,MONTHLY,ACTIVE,2026-09-21 14:21:58.305941
SUB_000498,CUST_00791,BASIC,499,MONTHLY,ACTIVE,2026-09-10 14:21:58.305941
SUB_000499,CUST_00664,PRO,1499,YEARLY,ACTIVE,2026-09-20 14:21:58.306940
SUB_000500,CUST_00091,ENTERPRISE,19999,MONTHLY,ACTIVE,2026-09-27 14:21:58.306940
SUB_000501,CUST_00756,BASIC,499,MONTHLY,CANCELLED,2026-09-06 14:21:58.306940
SUB_000502,CUST_01746,BASIC,499,MONTHLY,ACTIVE,2026-09-18 14:21:58.306940
SUB_000503,CUST_00955,BUSINESS,4999,MONTHLY,ACTIVE,2026-09-27 14:21:58.306940
SUB_000504,CUST_00033,ENTERPRISE,19999,MONTHLY,CANCELLED,2026-09-28 14:21:58.306940
SUB_000505,CUST_00329,PRO,1499,MONTHLY,ACTIVE,2026-09-06 14:21:58.306940
SUB_000506,CUST_00375,BUSINESS,4999,MONTHLY,ACTIVE,2026-09-02 14:21:58.306940
SUB_000507,CUST_00848,BASIC,499,MONTHLY,ACTIVE,2026-09-28 14:21:58.306940
SUB_000508,CUST_01709,BUSINESS,4999,MONTHLY,CANCELLED,2026-09-08 14:21:58.306940
SUB_000509,CUST_01448,PRO,1499,YEARLY,PAST_DUE,2026-09-07 14:21:58.306940
SUB_000510,CUST_00203,BUSINESS,4999,MONTHLY,ACTIVE,2026-09-01 14:21:58.306940
SUB_000511,CUST_00919,BUSINESS,4999,YEARLY,ACTIVE,2026-09-03 14:21:58.306940
SUB_000512,CUST_00110,PRO,1499,MONTHLY,ACTIVE,2026-09-29 14:21:58.306940
SUB_000513,CUST_01196,PRO,1499,MONTHLY,PAST_DUE,2026-09-05 14:21:58.306940
SUB_000514,CUST_01120,ENTERPRISE,19999,MONTHLY,ACTIVE,2026-09-09 14:21:58.306940
SUB_000515,CUST_00591,BUSINESS,4999,MONTHLY,PAST_DUE,2026-09-10 14:21:58.306940
SUB_000516,CUST_00632,BASIC,499,YEARLY,ACTIVE,2026-09-17 14:21:58.306940
SUB_000517,CUST_00989,BASIC,499,YEARLY,PAST_DUE,2026-09-12 14:21:58.306940
SUB_000518,CUST_00621,BUSINESS,4999,MONTHLY,PAST_DUE,2026-09-25 14:21:58.306940
SUB_000519,CUST_00862,BUSINESS,4999,YEARLY,CANCELLED,2026-09-27 14:21:58.306940
SUB_000520,CUST_00935,BUSINESS,4999,YEARLY,PAST_DUE,2026-09-05 14:21:58.306940
SUB_000521,CUST_00228,ENTERPRISE,19999,YEARLY,CANCELLED,2026-09-12 14:21:58.306940
SUB_000522,CUST_00473,BASIC,499,YEARLY,ACTIVE,2026-09-25 14:21:58.306940
SUB_000523,CUST_00018,PRO,1499,MONTHLY,ACTIVE,2026-09-29 14:21:58.306940
SUB_000524,CUST_01975,BUSINESS,4999,MONTHLY,ACTIVE,2026-09-21 14:21:58.306940
SUB_000525,CUST_01735,ENTERPRISE,19999,MONTHLY,PAST_DUE,2026-09-09 14:21:58.306940
SUB_000526,CUST_00625,PRO,1499,YEARLY,CANCELLED,2026-09-25 14:21:58.306940
SUB_000527,CUST_01430,BUSINESS,4999,MONTHLY,ACTIVE,2026-09-10 14:21:58.306940
SUB_000528,CUST_01506,BASIC,499,MONTHLY,ACTIVE,2026-09-06 14:21:58.306940
SUB_000529,CUST_01633,ENTERPRISE,19999,MONTHLY,ACTIVE,2026-09-21 14:21:58.306940
SUB_000530,CUST_00590,PRO,1499,MONTHLY,ACTIVE,2026-09-20 14:21:58.306940
SUB_000531,CUST_01544,ENTERPRISE,19999,MONTHLY,ACTIVE,2026-09-30 14:21:58.306940
SUB_000532,CUST_01353,BASIC,499,MONTHLY,ACTIVE,2026-09-02 14:21:58.306940
SUB_000533,CUST_01993,ENTERPRISE,19999,MONTHLY,CANCELLED,2026-09-28 14:21:58.306940
SUB_000534,CUST_01663,BUSINESS,4999,YEARLY,ACTIVE,2026-09-28 14:21:58.306940
SUB_000535,CUST_00837,BUSINESS,4999,MONTHLY,ACTIVE,2026-09-24 14:21:58.306940
SUB_000536,CUST_01663,BASIC,499,YEARLY,PAST_DUE,2026-09-10 14:21:58.306940
SUB_000537,CUST_01411,BASIC,499,MONTHLY,CANCELLED,2026-09-02 14:21:58.306940
SUB_000538,CUST_01487,ENTERPRISE,19999,MONTHLY,ACTIVE,2026-09-29 14:21:58.306940
SUB_000539,CUST_00244,BASIC,499,YEARLY,CANCELLED,2026-09-13 14:21:58.306940
SUB_000540,CUST_01526,ENTERPRISE,19999,MONTHLY,ACTIVE,2026-09-19 14:21:58.306940
SUB_000541,CUST_00359,ENTERPRISE,19999,MONTHLY,PAST_DUE,2026-09-17 14:21:58.306940
SUB_000542,CUST_01434,BUSINESS,4999,MONTHLY,PAST_DUE,2026-09-21 14:21:58.306940
SUB_000543,CUST_00050,BASIC,499,YEARLY,CANCELLED,2026-09-25 14:21:58.306940
SUB_000544,CUST_00945,BUSINESS,4999,MONTHLY,ACTIVE,2026-09-14 14:21:58.306940
SUB_000545,CUST_01788,BASIC,499,MONTHLY,ACTIVE,2026-09-20 14:21:58.306940
SUB_000546,CUST_01332,PRO,1499,MONTHLY,PAST_DUE,2026-09-22 14:21:58.306940
SUB_000547,CUST_01007,BASIC,499,MONTHLY,CANCELLED,2026-09-03 14:21:58.306940
SUB_000548,CUST_00220,BASIC,499,MONTHLY,PAST_DUE,2026-09-26 14:21:58.306940
SUB_000549,CUST_01481,BUSINESS,4999,YEARLY,PAST_DUE,2026-09-26 14:21:58.306940
SUB_000550,CUST_01761,PRO,1499,YEARLY,ACTIVE,2026-09-14 14:21:58.306940
SUB_000551,CUST_01697,BUSINESS,4999,MONTHLY,ACTIVE,2026-09-09 14:21:58.306940
SUB_000552,CUST_01704,PRO,1499,MONTHLY,PAST_DUE,2026-09-02 14:21:58.306940
SUB_000553,CUST_01119,ENTERPRISE,19999,MONTHLY,ACTIVE,2026-09-12 14:21:58.306940
SUB_000554,CUST_01637,PRO,1499,YEARLY,CANCELLED,2026-09-19 14:21:58.306940
SUB_000555,CUST_01896,BASIC,499,MONTHLY,ACTIVE,2026-09-12 14:21:58.306940
SUB_000556,CUST_01624,PRO,1499,YEARLY,ACTIVE,2026-09-12 14:21:58.306940
SUB_000557,CUST_00824,BUSINESS,4999,YEARLY,CANCELLED,2026-09-20 14:21:58.306940
SUB_000558,CUST_00929,BUSINESS,4999,MONTHLY,PAST_DUE,2026-09-23 14:21:58.306940
SUB_000559,CUST_00726,BASIC,499,MONTHLY,ACTIVE,2026-09-01 14:21:58.306940
SUB_000560,CUST_01803,PRO,1499,MONTHLY,ACTIVE,2026-09-03 14:21:58.306940
SUB_000561,CUST_00253,ENTERPRISE,19999,MONTHLY,PAST_DUE,2026-09-16 14:21:58.306940
SUB_000562,CUST_00764,BASIC,499,MONTHLY,CANCELLED,2026-09-25 14:21:58.306940
SUB_000563,CUST_00440,BUSINESS,4999,YEARLY,ACTIVE,2026-09-17 14:21:58.306940
SUB_000564,CUST_01524,PRO,1499,YEARLY,ACTIVE,2026-09-20 14:21:58.306940
SUB_000565,CUST_00471,PRO,1499,YEARLY,ACTIVE,2026-09-04 14:21:58.306940
SUB_000566,CUST_01321,ENTERPRISE,19999,YEARLY,ACTIVE,2026-09-19 14:21:58.306940
SUB_000567,CUST_00759,ENTERPRISE,19999,MONTHLY,ACTIVE,2026-09-04 14:21:58.306940
SUB_000568,CUST_00402,BUSINESS,4999,MONTHLY,ACTIVE,2026-09-04 14:21:58.306940
SUB_000569,CUST_01602,BASIC,499,YEARLY,ACTIVE,2026-09-22 14:21:58.306940
SUB_000570,CUST_01149,BUSINESS,4999,YEARLY,CANCELLED,2026-09-20 14:21:58.306940
SUB_000571,CUST_01982,BUSINESS,4999,YEARLY,PAST_DUE,2026-09-27 14:21:58.306940
SUB_000572,CUST_00577,BASIC,499,YEARLY,CANCELLED,2026-09-04 14:21:58.306940
SUB_000573,CUST_01133,BUSINESS,4999,MONTHLY,PAST_DUE,2026-09-06 14:21:58.306940
SUB_000574,CUST_00545,BASIC,499,MONTHLY,CANCELLED,2026-09-23 14:21:58.306940
SUB_000575,CUST_01977,PRO,1499,MONTHLY,PAST_DUE,2026-09-22 14:21:58.306940
SUB_000576,CUST_00850,BASIC,499,MONTHLY,CANCELLED,2026-09-13 14:21:58.306940
SUB_000577,CUST_01898,PRO,1499,MONTHLY,ACTIVE,2026-09-08 14:21:58.306940
SUB_000578,CUST_01928,PRO,1499,MONTHLY,CANCELLED,2026-09-07 14:21:58.306940
SUB_000579,CUST_00371,ENTERPRISE,19999,MONTHLY,CANCELLED,2026-09-19 14:21:58.306940
SUB_000580,CUST_01119,BUSINESS,4999,YEARLY,ACTIVE,2026-09-12 14:21:58.306940
SUB_000581,CUST_01334,ENTERPRISE,19999,YEARLY,PAST_DUE,2026-09-17 14:21:58.306940
SUB_000582,CUST_01791,BUSINESS,4999,MONTHLY,ACTIVE,2026-09-28 14:21:58.306940
SUB_000583,CUST_00555,PRO,1499,YEARLY,ACTIVE,2026-09-16 14:21:58.306940
SUB_000584,CUST_01565,BUSINESS,4999,MONTHLY,CANCELLED,2026-09-10 14:21:58.306940
SUB_000585,CUST_00522,ENTERPRISE,19999,MONTHLY,PAST_DUE,2026-09-14 14:21:58.306940
SUB_000586,CUST_00410,BUSINESS,4999,MONTHLY,ACTIVE,2026-09-04 14:21:58.306940
SUB_000587,CUST_01171,BUSINESS,4999,MONTHLY,ACTIVE,2026-09-08 14:21:58.306940
SUB_000588,CUST_01386,ENTERPRISE,19999,MONTHLY,PAST_DUE,2026-09-15 14:21:58.306940
SUB_000589,CUST_01701,PRO,1499,YEARLY,ACTIVE,2026-09-04 14:21:58.306940
SUB_000590,CUST_00967,ENTERPRISE,19999,MONTHLY,ACTIVE,2026-09-11 14:21:58.306940
SUB_000591,CUST_01201,ENTERPRISE,19999,YEARLY,CANCELLED,2026-09-03 14:21:58.306940
SUB_000592,CUST_01389,BUSINESS,4999,YEARLY,PAST_DUE,2026-09-28 14:21:58.306940
SUB_000593,CUST_00696,PRO,1499,YEARLY,PAST_DUE,2026-09-21 14:21:58.306940
SUB_000594,CUST_01712,BASIC,499,MONTHLY,CANCELLED,2026-09-09 14:21:58.306940
SUB_000595,CUST_00505,PRO,1499,MONTHLY,ACTIVE,2026-09-27 14:21:58.306940
SUB_000596,CUST_01746,ENTERPRISE,19999,YEARLY,PAST_DUE,2026-09-29 14:21:58.306940
SUB_000597,CUST_00133,PRO,1499,YEARLY,CANCELLED,2026-09-21 14:21:58.306940
SUB_000598,CUST_01209,PRO,1499,YEARLY,ACTIVE,2026-09-10 14:21:58.306940
SUB_000599,CUST_01159,ENTERPRISE,19999,MONTHLY,ACTIVE,2026-09-10 14:21:58.306940
SUB_000600,CUST_01759,PRO,1499,YEARLY,ACTIVE,2026-09-02 14:21:58.306940
SUB_000601,CUST_01427,PRO,1499,YEARLY,CANCELLED,2026-09-26 14:21:58.306940
SUB_000602,CUST_00634,BUSINESS,4999,MONTHLY,ACTIVE,2026-09-13 14:21:58.306940
SUB_000603,CUST_00827,ENTERPRISE,19999,MONTHLY,PAST_DUE,2026-09-14 14:21:58.306940
SUB_000604,CUST_01278,PRO,1499,YEARLY,PAST_DUE,2026-09-07 14:21:58.306940
SUB_000605,CUST_01737,BASIC,499,YEARLY,PAST_DUE,2026-09-24 14:21:58.306940
SUB_000606,CUST_00923,ENTERPRISE,19999,YEARLY,CANCELLED,2026-09-30 14:21:58.306940
SUB_000607,CUST_01449,ENTERPRISE,19999,MONTHLY,PAST_DUE,2026-09-15 14:21:58.306940
SUB_000608,CUST_01069,ENTERPRISE,19999,MONTHLY,CANCELLED,2026-09-16 14:21:58.306940
SUB_000609,CUST_01341,BASIC,499,MONTHLY,ACTIVE,2026-09-06 14:21:58.306940
SUB_000610,CUST_00122,BASIC,499,MONTHLY,ACTIVE,2026-09-10 14:21:58.306940
SUB_000611,CUST_01959,PRO,1499,MONTHLY,ACTIVE,2026-09-02 14:21:58.306940
SUB_000612,CUST_00358,BASIC,499,MONTHLY,PAST_DUE,2026-09-23 14:21:58.306940
SUB_000613,CUST_01389,PRO,1499,MONTHLY,PAST_DUE,2026-09-08 14:21:58.306940
SUB_000614,CUST_00276,ENTERPRISE,19999,YEARLY,PAST_DUE,2026-09-15 14:21:58.306940
SUB_000615,CUST_01444,BASIC,499,MONTHLY,ACTIVE,2026-09-21 14:21:58.306940
SUB_000616,CUST_01970,ENTERPRISE,19999,MONTHLY,ACTIVE,2026-09-13 14:21:58.306940
SUB_000617,CUST_01454,BUSINESS,4999,YEARLY,CANCELLED,2026-09-15 14:21:58.306940
SUB_000618,CUST_01162,ENTERPRISE,19999,MONTHLY,PAST_DUE,2026-09-23 14:21:58.306940
SUB_000619,CUST_01682,ENTERPRISE,19999,YEARLY,CANCELLED,2026-09-09 14:21:58.322651
SUB_000620,CUST_00155,BUSINESS,4999,YEARLY,ACTIVE,2026-09-17 14:21:58.322651
SUB_000621,CUST_00457,PRO,1499,YEARLY,ACTIVE,2026-09-29 14:21:58.322651
SUB_000622,CUST_00651,PRO,1499,MONTHLY,CANCELLED,2026-09-15 14:21:58.322651
SUB_000623,CUST_01091,BASIC,499,MONTHLY,ACTIVE,2026-09-28 14:21:58.322651
SUB_000624,CUST_00493,ENTERPRISE,19999,MONTHLY,PAST_DUE,2026-09-12 14:21:58.322651
SUB_000625,CUST_01894,ENTERPRISE,19999,YEARLY,CANCELLED,2026-09-05 14:21:58.322651
SUB_000626,CUST_00394,ENTERPRISE,19999,MONTHLY,PAST_DUE,2026-09-14 14:21:58.322651
SUB_000627,CUST_01205,PRO,1499,YEARLY,PAST_DUE,2026-09-14 14:21:58.322651
SUB_000628,CUST_00976,ENTERPRISE,19999,MONTHLY,PAST_DUE,2026-09-21 14:21:58.322651
SUB_000629,CUST_00192,BASIC,499,YEARLY,PAST_DUE,2026-09-07 14:21:58.322651
SUB_000630,CUST_00306,ENTERPRISE,19999,MONTHLY,PAST_DUE,2026-09-17 14:21:58.322651
SUB_000631,CUST_00093,PRO,1499,MONTHLY,ACTIVE,2026-09-30 14:21:58.322651
SUB_000632,CUST_00686,PRO,1499,YEARLY,ACTIVE,2026-09-08 14:21:58.322651
SUB_000633,CUST_01553,ENTERPRISE,19999,MONTHLY,CANCELLED,2026-09-22 14:21:58.322651
SUB_000634,CUST_00646,PRO,1499,YEARLY,CANCELLED,2026-09-03 14:21:58.322651
SUB_000635,CUST_00655,BUSINESS,4999,MONTHLY,CANCELLED,2026-09-03 14:21:58.322651
SUB_000636,CUST_01165,PRO,1499,MONTHLY,CANCELLED,2026-09-30 14:21:58.322651
SUB_000637,CUST_01230,BUSINESS,4999,MONTHLY,ACTIVE,2026-09-25 14:21:58.322651
SUB_000638,CUST_00783,PRO,1499,MONTHLY,CANCELLED,2026-09-07 14:21:58.322651
SUB_000639,CUST_00779,PRO,1499,MONTHLY,ACTIVE,2026-09-10 14:21:58.322651
SUB_000640,CUST_01011,BASIC,499,YEARLY,CANCELLED,2026-09-20 14:21:58.322651
SUB_000641,CUST_00335,BUSINESS,4999,MONTHLY,CANCELLED,2026-09-04 14:21:58.322651
SUB_000642,CUST_00075,PRO,1499,MONTHLY,CANCELLED,2026-09-12 14:21:58.322651
SUB_000643,CUST_00442,PRO,1499,MONTHLY,ACTIVE,2026-09-08 14:21:58.322651
SUB_000644,CUST_00763,BUSINESS,4999,YEARLY,PAST_DUE,2026-09-24 14:21:58.322651
SUB_000645,CUST_00676,ENTERPRISE,19999,YEARLY,PAST_DUE,2026-09-12 14:21:58.322651
SUB_000646,CUST_01119,PRO,1499,YEARLY,CANCELLED,2026-09-29 14:21:58.322651
SUB_000647,CUST_01974,BUSINESS,4999,MONTHLY,ACTIVE,2026-09-16 14:21:58.322651
SUB_000648,CUST_01312,ENTERPRISE,19999,MONTHLY,ACTIVE,2026-09-09 14:21:58.322651
SUB_000649,CUST_01162,PRO,1499,MONTHLY,PAST_DUE,2026-09-11 14:21:58.322651
SUB_000650,CUST_01580,PRO,1499,MONTHLY,ACTIVE,2026-09-20 14:21:58.322651
SUB_000651,CUST_01273,BUSINESS,4999,MONTHLY,PAST_DUE,2026-09-13 14:21:58.322651
SUB_000652,CUST_01474,ENTERPRISE,19999,YEARLY,ACTIVE,2026-09-08 14:21:58.322651
SUB_000653,CUST_00559,BUSINESS,4999,MONTHLY,ACTIVE,2026-09-22 14:21:58.322651
SUB_000654,CUST_00006,BUSINESS,4999,YEARLY,ACTIVE,2026-09-07 14:21:58.322651
SUB_000655,CUST_01178,ENTERPRISE,19999,YEARLY,PAST_DUE,2026-09-30 14:21:58.322651
SUB_000656,CUST_00039,BASIC,499,MONTHLY,ACTIVE,2026-09-24 14:21:58.322651
SUB_000657,CUST_00482,BASIC,499,YEARLY,CANCELLED,2026-09-15 14:21:58.322651
SUB_000658,CUST_00436,PRO,1499,MONTHLY,CANCELLED,2026-09-06 14:21:58.322651
SUB_000659,CUST_01558,BUSINESS,4999,YEARLY,PAST_DUE,2026-09-15 14:21:58.322651
SUB_000660,CUST_00343,BUSINESS,4999,MONTHLY,PAST_DUE,2026-09-15 14:21:58.322651
SUB_000661,CUST_00729,BUSINESS,4999,YEARLY,ACTIVE,2026-09-18 14:21:58.322651
SUB_000662,CUST_00813,BASIC,499,YEARLY,ACTIVE,2026-09-02 14:21:58.322651
SUB_000663,CUST_00578,BUSINESS,4999,YEARLY,ACTIVE,2026-09-14 14:21:58.322651
SUB_000664,CUST_01893,BUSINESS,4999,MONTHLY,PAST_DUE,2026-09-13 14:21:58.322651
SUB_000665,CUST_01595,BASIC,499,YEARLY,CANCELLED,2026-09-11 14:21:58.322651
SUB_000666,CUST_01280,BUSINESS,4999,MONTHLY,ACTIVE,2026-09-24 14:21:58.322651
SUB_000667,CUST_00076,BASIC,499,YEARLY,ACTIVE,2026-09-01 14:21:58.322651
SUB_000668,CUST_01421,ENTERPRISE,19999,YEARLY,CANCELLED,2026-09-28 14:21:58.322651
SUB_000669,CUST_01739,ENTERPRISE,19999,YEARLY,ACTIVE,2026-09-17 14:21:58.322651
SUB_000670,CUST_00238,PRO,1499,MONTHLY,CANCELLED,2026-09-11 14:21:58.322651
SUB_000671,CUST_01230,BUSINESS,4999,MONTHLY,ACTIVE,2026-09-27 14:21:58.322651
SUB_000672,CUST_00909,BASIC,499,MONTHLY,ACTIVE,2026-09-04 14:21:58.322651
SUB_000673,CUST_01683,BUSINESS,4999,MONTHLY,ACTIVE,2026-09-30 14:21:58.322651
SUB_000674,CUST_00178,BASIC,499,MONTHLY,PAST_DUE,2026-09-30 14:21:58.322651
SUB_000675,CUST_00786,BASIC,499,YEARLY,CANCELLED,2026-09-21 14:21:58.322651
SUB_000676,CUST_00829,BUSINESS,4999,MONTHLY,ACTIVE,2026-09-30 14:21:58.322651
SUB_000677,CUST_01138,BUSINESS,4999,MONTHLY,ACTIVE,2026-09-19 14:21:58.322651
SUB_000678,CUST_00336,BUSINESS,4999,YEARLY,PAST_DUE,2026-09-24 14:21:58.322651
SUB_000679,CUST_00557,ENTERPRISE,19999,YEARLY,ACTIVE,2026-09-14 14:21:58.322651
SUB_000680,CUST_01464,BUSINESS,4999,YEARLY,CANCELLED,2026-09-30 14:21:58.322651
SUB_000681,CUST_00480,PRO,1499,YEARLY,ACTIVE,2026-09-23 14:21:58.322651
SUB_000682,CUST_01702,BASIC,499,YEARLY,ACTIVE,2026-09-11 14:21:58.322651
SUB_000683,CUST_00970,ENTERPRISE,19999,MONTHLY,ACTIVE,2026-09-09 14:21:58.322651
SUB_000684,CUST_01704,BASIC,499,MONTHLY,PAST_DUE,2026-09-14 14:21:58.322651
SUB_000685,CUST_00421,PRO,1499,YEARLY,PAST_DUE,2026-09-25 14:21:58.322651
SUB_000686,CUST_00473,BUSINESS,4999,MONTHLY,ACTIVE,2026-09-26 14:21:58.322651
SUB_000687,CUST_00367,BASIC,499,YEARLY,ACTIVE,2026-09-01 14:21:58.322651
SUB_000688,CUST_00402,BUSINESS,4999,YEARLY,ACTIVE,2026-09-09 14:21:58.322651
SUB_000689,CUST_00693,BASIC,499,MONTHLY,PAST_DUE,2026-09-14 14:21:58.322651
SUB_000690,CUST_00748,ENTERPRISE,19999,YEARLY,ACTIVE,2026-09-30 14:21:58.322651
SUB_000691,CUST_01991,BUSINESS,4999,MONTHLY,ACTIVE,2026-09-10 14:21:58.322651
SUB_000692,CUST_01957,BUSINESS,4999,YEARLY,PAST_DUE,2026-09-26 14:21:58.322651
SUB_000693,CUST_01443,PRO,1499,MONTHLY,PAST_DUE,2026-09-22 14:21:58.322651
SUB_000694,CUST_01871,BASIC,499,YEARLY,CANCELLED,2026-09-09 14:21:58.322651
SUB_000695,CUST_01300,ENTERPRISE,19999,MONTHLY,CANCELLED,2026-09-27 14:21:58.322651
SUB_000696,CUST_00405,ENTERPRISE,19999,MONTHLY,ACTIVE,2026-09-03 14:21:58.322651
SUB_000697,CUST_00318,PRO,1499,YEARLY,CANCELLED,2026-09-30 14:21:58.322651
SUB_000698,CUST_01047,BUSINESS,4999,MONTHLY,ACTIVE,2026-09-16 14:21:58.322651
SUB_000699,CUST_00272,PRO,1499,MONTHLY,PAST_DUE,2026-09-11 14:21:58.322651
SUB_000700,CUST_00894,PRO,1499,MONTHLY,PAST_DUE,2026-09-15 14:21:58.322651
SUB_000701,CUST_01103,PRO,1499,MONTHLY,ACTIVE,2026-09-09 14:21:58.322651
SUB_000702,CUST_01947,ENTERPRISE,19999,YEARLY,PAST_DUE,2026-09-28 14:21:58.322651
SUB_000703,CUST_01830,BUSINESS,4999,YEARLY,PAST_DUE,2026-09-04 14:21:58.322651
SUB_000704,CUST_00348,PRO,1499,MONTHLY,CANCELLED,2026-09-11 14:21:58.322651
SUB_000705,CUST_00460,ENTERPRISE,19999,MONTHLY,PAST_DUE,2026-09-25 14:21:58.322651
SUB_000706,CUST_01724,ENTERPRISE,19999,MONTHLY,ACTIVE,2026-09-05 14:21:58.322651
SUB_000707,CUST_00249,PRO,1499,YEARLY,ACTIVE,2026-09-25 14:21:58.322651
SUB_000708,CUST_00042,ENTERPRISE,19999,YEARLY,CANCELLED,2026-09-25 14:21:58.322651
SUB_000709,CUST_00200,BUSINESS,4999,YEARLY,CANCELLED,2026-09-16 14:21:58.322651
SUB_000710,CUST_01403,PRO,1499,MONTHLY,PAST_DUE,2026-09-21 14:21:58.322651
SUB_000711,CUST_00154,BUSINESS,4999,MONTHLY,CANCELLED,2026-09-04 14:21:58.322651
SUB_000712,CUST_01216,BUSINESS,4999,YEARLY,CANCELLED,2026-09-18 14:21:58.322651
SUB_000713,CUST_00757,BUSINESS,4999,MONTHLY,ACTIVE,2026-09-15 14:21:58.322651
SUB_000714,CUST_00483,ENTERPRISE,19999,YEARLY,ACTIVE,2026-09-12 14:21:58.322651
SUB_000715,CUST_01547,PRO,1499,MONTHLY,ACTIVE,2026-09-11 14:21:58.322651
SUB_000716,CUST_01812,BASIC,499,MONTHLY,CANCELLED,2026-09-17 14:21:58.322651
SUB_000717,CUST_00539,ENTERPRISE,19999,MONTHLY,CANCELLED,2026-09-16 14:21:58.322651
SUB_000718,CUST_00373,BUSINESS,4999,YEARLY,CANCELLED,2026-09-09 14:21:58.322651
SUB_000719,CUST_01963,BASIC,499,MONTHLY,ACTIVE,2026-09-12 14:21:58.322651
SUB_000720,CUST_00567,PRO,1499,YEARLY,ACTIVE,2026-09-01 14:21:58.322651
SUB_000721,CUST_00631,ENTERPRISE,19999,MONTHLY,ACTIVE,2026-09-20 14:21:58.322651
SUB_000722,CUST_01125,PRO,1499,MONTHLY,ACTIVE,2026-09-10 14:21:58.322651
SUB_000723,CUST_00935,BUSINESS,4999,MONTHLY,CANCELLED,2026-09-13 14:21:58.322651
SUB_000724,CUST_00111,PRO,1499,YEARLY,CANCELLED,2026-09-09 14:21:58.322651
SUB_000725,CUST_01019,BUSINESS,4999,MONTHLY,PAST_DUE,2026-09-19 14:21:58.322651
SUB_000726,CUST_01557,BUSINESS,4999,MONTHLY,CANCELLED,2026-09-16 14:21:58.322651
SUB_000727,CUST_01500,BUSINESS,4999,MONTHLY,PAST_DUE,2026-09-02 14:21:58.322651
SUB_000728,CUST_00848,PRO,1499,MONTHLY,CANCELLED,2026-09-26 14:21:58.338002
SUB_000729,CUST_01440,BASIC,499,MONTHLY,ACTIVE,2026-09-14 14:21:58.338002
SUB_000730,CUST_01950,PRO,1499,YEARLY,ACTIVE,2026-09-06 14:21:58.338002
SUB_000731,CUST_00411,PRO,1499,YEARLY,CANCELLED,2026-09-07 14:21:58.338776
SUB_000732,CUST_01886,BUSINESS,4999,MONTHLY,PAST_DUE,2026-09-25 14:21:58.338776
SUB_000733,CUST_00976,PRO,1499,MONTHLY,ACTIVE,2026-09-18 14:21:58.338776
SUB_000734,CUST_01862,ENTERPRISE,19999,YEARLY,PAST_DUE,2026-09-04 14:21:58.338776
SUB_000735,CUST_00708,ENTERPRISE,19999,MONTHLY,PAST_DUE,2026-09-10 14:21:58.338776
SUB_000736,CUST_00706,BUSINESS,4999,MONTHLY,CANCELLED,2026-09-03 14:21:58.338776
SUB_000737,CUST_01874,PRO,1499,YEARLY,PAST_DUE,2026-09-26 14:21:58.338776
SUB_000738,CUST_01567,ENTERPRISE,19999,YEARLY,PAST_DUE,2026-09-18 14:21:58.338776
SUB_000739,CUST_01599,ENTERPRISE,19999,MONTHLY,CANCELLED,2026-09-27 14:21:58.338776
SUB_000740,CUST_00380,PRO,1499,YEARLY,PAST_DUE,2026-09-25 14:21:58.338776
SUB_000741,CUST_00930,PRO,1499,MONTHLY,ACTIVE,2026-09-23 14:21:58.338776
SUB_000742,CUST_01595,BASIC,499,YEARLY,PAST_DUE,2026-09-19 14:21:58.338776
SUB_000743,CUST_01985,BASIC,499,YEARLY,ACTIVE,2026-09-28 14:21:58.338776
SUB_000744,CUST_00165,PRO,1499,MONTHLY,CANCELLED,2026-09-15 14:21:58.338776
SUB_000745,CUST_00548,PRO,1499,YEARLY,CANCELLED,2026-09-01 14:21:58.338776
SUB_000746,CUST_00294,BASIC,499,YEARLY,ACTIVE,2026-09-21 14:21:58.338776
SUB_000747,CUST_00199,ENTERPRISE,19999,MONTHLY,PAST_DUE,2026-09-19 14:21:58.338776
SUB_000748,CUST_01741,BASIC,499,MONTHLY,ACTIVE,2026-09-06 14:21:58.338776
SUB_000749,CUST_01117,ENTERPRISE,19999,MONTHLY,ACTIVE,2026-09-06 14:21:58.338776
SUB_000750,CUST_00565,BUSINESS,4999,MONTHLY,CANCELLED,2026-09-15 14:21:58.338776
SUB_000751,CUST_00198,ENTERPRISE,19999,MONTHLY,CANCELLED,2026-09-28 14:21:58.338776
SUB_000752,CUST_00263,ENTERPRISE,19999,MONTHLY,ACTIVE,2026-09-19 14:21:58.338776
SUB_000753,CUST_01601,BASIC,499,YEARLY,ACTIVE,2026-09-17 14:21:58.338776
SUB_000754,CUST_01481,BUSINESS,4999,YEARLY,ACTIVE,2026-09-09 14:21:58.338776
SUB_000755,CUST_00060,BASIC,499,MONTHLY,ACTIVE,2026-09-25 14:21:58.338776
SUB_000756,CUST_01387,PRO,1499,YEARLY,ACTIVE,2026-09-03 14:21:58.338776
SUB_000757,CUST_01317,BUSINESS,4999,YEARLY,ACTIVE,2026-09-03 14:21:58.338776
SUB_000758,CUST_00703,PRO,1499,YEARLY,CANCELLED,2026-09-02 14:21:58.338776
SUB_000759,CUST_01060,ENTERPRISE,19999,YEARLY,CANCELLED,2026-09-26 14:21:58.338776
SUB_000760,CUST_00324,BASIC,499,MONTHLY,PAST_DUE,2026-09-09 14:21:58.338776
SUB_000761,CUST_01254,BUSINESS,4999,MONTHLY,ACTIVE,2026-09-19 14:21:58.338776
SUB_000762,CUST_00520,BASIC,499,YEARLY,ACTIVE,2026-09-18 14:21:58.338776
SUB_000763,CUST_01440,BUSINESS,4999,YEARLY,ACTIVE,2026-09-21 14:21:58.338776
SUB_000764,CUST_00230,BUSINESS,4999,MONTHLY,ACTIVE,2026-09-29 14:21:58.338776
SUB_000765,CUST_01864,BUSINESS,4999,MONTHLY,CANCELLED,2026-09-17 14:21:58.338776
SUB_000766,CUST_00445,BUSINESS,4999,MONTHLY,PAST_DUE,2026-09-05 14:21:58.338776
SUB_000767,CUST_01598,PRO,1499,YEARLY,PAST_DUE,2026-09-04 14:21:58.338776
SUB_000768,CUST_00539,BASIC,499,YEARLY,ACTIVE,2026-09-15 14:21:58.338776
SUB_000769,CUST_01919,PRO,1499,MONTHLY,ACTIVE,2026-09-06 14:21:58.338776
SUB_000770,CUST_00559,BUSINESS,4999,YEARLY,PAST_DUE,2026-09-13 14:21:58.338776
SUB_000771,CUST_00471,BUSINESS,4999,YEARLY,PAST_DUE,2026-09-17 14:21:58.338776
SUB_000772,CUST_01410,BASIC,499,YEARLY,ACTIVE,2026-09-28 14:21:58.338776
SUB_000773,CUST_00558,BUSINESS,4999,YEARLY,CANCELLED,2026-09-17 14:21:58.338776
SUB_000774,CUST_00827,BASIC,499,MONTHLY,ACTIVE,2026-09-10 14:21:58.338776
SUB_000775,CUST_01639,BASIC,499,YEARLY,ACTIVE,2026-09-06 14:21:58.338776
SUB_000776,CUST_01104,ENTERPRISE,19999,YEARLY,ACTIVE,2026-09-25 14:21:58.338776
SUB_000777,CUST_00525,ENTERPRISE,19999,MONTHLY,ACTIVE,2026-09-17 14:21:58.338776
SUB_000778,CUST_00288,BASIC,499,MONTHLY,ACTIVE,2026-09-10 14:21:58.338776
SUB_000779,CUST_01096,BUSINESS,4999,MONTHLY,CANCELLED,2026-09-01 14:21:58.338776
SUB_000780,CUST_00173,ENTERPRISE,19999,MONTHLY,PAST_DUE,2026-09-24 14:21:58.338776
SUB_000781,CUST_01594,BASIC,499,YEARLY,PAST_DUE,2026-09-10 14:21:58.338776
SUB_000782,CUST_01523,BASIC,499,MONTHLY,ACTIVE,2026-09-13 14:21:58.338776
SUB_000783,CUST_00901,BUSINESS,4999,YEARLY,PAST_DUE,2026-09-21 14:21:58.338776
SUB_000784,CUST_01734,BUSINESS,4999,YEARLY,ACTIVE,2026-09-20 14:21:58.338776
SUB_000785,CUST_01965,ENTERPRISE,19999,YEARLY,CANCELLED,2026-09-11 14:21:58.338776
SUB_000786,CUST_01736,BUSINESS,4999,YEARLY,ACTIVE,2026-09-02 14:21:58.338776
SUB_000787,CUST_01308,BASIC,499,MONTHLY,CANCELLED,2026-09-08 14:21:58.338776
SUB_000788,CUST_01477,BUSINESS,4999,MONTHLY,ACTIVE,2026-09-11 14:21:58.338776
SUB_000789,CUST_01246,PRO,1499,YEARLY,PAST_DUE,2026-09-05 14:21:58.338776
SUB_000790,CUST_01174,BASIC,499,YEARLY,CANCELLED,2026-09-17 14:21:58.338776
SUB_000791,CUST_00199,PRO,1499,MONTHLY,ACTIVE,2026-09-19 14:21:58.338776
SUB_000792,CUST_01501,BASIC,499,YEARLY,ACTIVE,2026-09-15 14:21:58.338776
SUB_000793,CUST_01050,BASIC,499,MONTHLY,ACTIVE,2026-09-06 14:21:58.338776
SUB_000794,CUST_01831,BASIC,499,MONTHLY,ACTIVE,2026-09-27 14:21:58.338776
SUB_000795,CUST_00375,PRO,1499,MONTHLY,CANCELLED,2026-09-17 14:21:58.338776
SUB_000796,CUST_01440,BASIC,499,MONTHLY,ACTIVE,2026-09-29 14:21:58.338776
SUB_000797,CUST_01092,BASIC,499,YEARLY,ACTIVE,2026-09-15 14:21:58.338776
SUB_000798,CUST_01402,ENTERPRISE,19999,MONTHLY,PAST_DUE,2026-09-28 14:21:58.338776
SUB_000799,CUST_01122,ENTERPRISE,19999,YEARLY,ACTIVE,2026-09-20 14:21:58.338776
SUB_000800,CUST_00596,BUSINESS,4999,YEARLY,PAST_DUE,2026-09-14 14:21:58.338776
SUB_000801,CUST_00401,PRO,1499,MONTHLY,ACTIVE,2026-09-14 14:21:58.338776
SUB_000802,CUST_00848,BASIC,499,YEARLY,ACTIVE,2026-09-07 14:21:58.338776
SUB_000803,CUST_01545,ENTERPRISE,19999,YEARLY,ACTIVE,2026-09-22 14:21:58.338776
SUB_000804,CUST_00055,BUSINESS,4999,YEARLY,CANCELLED,2026-09-05 14:21:58.338776
SUB_000805,CUST_01496,PRO,1499,YEARLY,PAST_DUE,2026-09-13 14:21:58.338776
SUB_000806,CUST_00266,ENTERPRISE,19999,YEARLY,ACTIVE,2026-09-25 14:21:58.338776
SUB_000807,CUST_00766,PRO,1499,YEARLY,CANCELLED,2026-09-20 14:21:58.338776
SUB_000808,CUST_00496,PRO,1499,YEARLY,CANCELLED,2026-09-10 14:21:58.338776
SUB_000809,CUST_00980,BASIC,499,YEARLY,CANCELLED,2026-09-19 14:21:58.338776
SUB_000810,CUST_00376,PRO,1499,YEARLY,CANCELLED,2026-09-27 14:21:58.338776
SUB_000811,CUST_01088,BASIC,499,MONTHLY,PAST_DUE,2026-09-12 14:21:58.338776
SUB_000812,CUST_00108,PRO,1499,MONTHLY,ACTIVE,2026-09-05 14:21:58.338776
SUB_000813,CUST_01246,BUSINESS,4999,YEARLY,ACTIVE,2026-09-10 14:21:58.338776
SUB_000814,CUST_01360,BASIC,499,MONTHLY,ACTIVE,2026-09-27 14:21:58.338776
SUB_000815,CUST_01222,BUSINESS,4999,MONTHLY,PAST_DUE,2026-09-28 14:21:58.338776
SUB_000816,CUST_00523,BUSINESS,4999,YEARLY,ACTIVE,2026-09-04 14:21:58.338776
SUB_000817,CUST_01759,BASIC,499,YEARLY,PAST_DUE,2026-09-19 14:21:58.338776
SUB_000818,CUST_01860,ENTERPRISE,19999,YEARLY,ACTIVE,2026-09-23 14:21:58.338776
SUB_000819,CUST_01782,ENTERPRISE,19999,YEARLY,ACTIVE,2026-09-26 14:21:58.338776
SUB_000820,CUST_01349,BUSINESS,4999,YEARLY,CANCELLED,2026-09-26 14:21:58.338776
SUB_000821,CUST_01626,ENTERPRISE,19999,MONTHLY,ACTIVE,2026-09-24 14:21:58.338776
SUB_000822,CUST_00809,BASIC,499,YEARLY,ACTIVE,2026-09-07 14:21:58.338776
SUB_000823,CUST_01704,PRO,1499,YEARLY,PAST_DUE,2026-09-21 14:21:58.338776
SUB_000824,CUST_00280,ENTERPRISE,19999,MONTHLY,PAST_DUE,2026-09-28 14:21:58.338776
SUB_000825,CUST_01353,BUSINESS,4999,YEARLY,ACTIVE,2026-09-17 14:21:58.338776
SUB_000826,CUST_00633,BASIC,499,YEARLY,CANCELLED,2026-09-27 14:21:58.338776
SUB_000827,CUST_01998,BUSINESS,4999,YEARLY,ACTIVE,2026-09-03 14:21:58.338776
SUB_000828,CUST_00795,BUSINESS,4999,YEARLY,ACTIVE,2026-09-10 14:21:58.338776
SUB_000829,CUST_01433,ENTERPRISE,19999,YEARLY,CANCELLED,2026-09-22 14:21:58.338776
SUB_000830,CUST_00267,ENTERPRISE,19999,YEARLY,PAST_DUE,2026-09-21 14:21:58.338776
SUB_000831,CUST_01893,BASIC,499,YEARLY,ACTIVE,2026-09-23 14:21:58.338776
SUB_000832,CUST_01883,ENTERPRISE,19999,YEARLY,PAST_DUE,2026-09-07 14:21:58.338776
SUB_000833,CUST_01342,PRO,1499,YEARLY,CANCELLED,2026-09-05 14:21:58.338776
SUB_000834,CUST_01857,BUSINESS,4999,MONTHLY,CANCELLED,2026-09-23 14:21:58.338776
SUB_000835,CUST_01753,BASIC,499,YEARLY,PAST_DUE,2026-09-09 14:21:58.338776
SUB_000836,CUST_00461,BUSINESS,4999,MONTHLY,PAST_DUE,2026-09-20 14:21:58.338776
SUB_000837,CUST_01922,ENTERPRISE,19999,YEARLY,ACTIVE,2026-09-11 14:21:58.338776
SUB_000838,CUST_01176,ENTERPRISE,19999,YEARLY,CANCELLED,2026-09-03 14:21:58.338776
SUB_000839,CUST_00101,BASIC,499,MONTHLY,PAST_DUE,2026-09-11 14:21:58.338776
SUB_000840,CUST_00936,BASIC,499,MONTHLY,ACTIVE,2026-09-29 14:21:58.338776
SUB_000841,CUST_00870,PRO,1499,MONTHLY,ACTIVE,2026-09-01 14:21:58.338776
SUB_000842,CUST_01515,PRO,1499,YEARLY,ACTIVE,2026-09-01 14:21:58.353810
SUB_000843,CUST_00611,BUSINESS,4999,YEARLY,ACTIVE,2026-09-12 14:21:58.353810
SUB_000844,CUST_00923,BASIC,499,YEARLY,CANCELLED,2026-09-30 14:21:58.353810
SUB_000845,CUST_00528,BUSINESS,4999,MONTHLY,ACTIVE,2026-09-09 14:21:58.353810
SUB_000846,CUST_01482,ENTERPRISE,19999,YEARLY,ACTIVE,2026-09-30 14:21:58.353810
SUB_000847,CUST_00505,BASIC,499,MONTHLY,CANCELLED,2026-09-22 14:21:58.353810
SUB_000848,CUST_01846,ENTERPRISE,19999,YEARLY,CANCELLED,2026-09-15 14:21:58.353810
SUB_000849,CUST_01590,ENTERPRISE,19999,MONTHLY,CANCELLED,2026-09-27 14:21:58.353810
SUB_000850,CUST_00870,ENTERPRISE,19999,MONTHLY,CANCELLED,2026-09-13 14:21:58.353810
SUB_000851,CUST_00064,BASIC,499,YEARLY,PAST_DUE,2026-09-05 14:21:58.353810
SUB_000852,CUST_01193,BASIC,499,MONTHLY,ACTIVE,2026-09-24 14:21:58.353810
SUB_000853,CUST_01626,PRO,1499,YEARLY,PAST_DUE,2026-09-05 14:21:58.353810
SUB_000854,CUST_01340,PRO,1499,YEARLY,ACTIVE,2026-09-13 14:21:58.353810
SUB_000855,CUST_00868,BUSINESS,4999,YEARLY,PAST_DUE,2026-09-16 14:21:58.353810
SUB_000856,CUST_00938,BUSINESS,4999,MONTHLY,ACTIVE,2026-09-18 14:21:58.353810
SUB_000857,CUST_01530,BASIC,499,YEARLY,CANCELLED,2026-09-17 14:21:58.353810
SUB_000858,CUST_00394,BASIC,499,MONTHLY,ACTIVE,2026-09-23 14:21:58.353810
SUB_000859,CUST_00404,BASIC,499,MONTHLY,ACTIVE,2026-09-11 14:21:58.353810
SUB_000860,CUST_01956,ENTERPRISE,19999,MONTHLY,PAST_DUE,2026-09-20 14:21:58.353810
SUB_000861,CUST_01004,BUSINESS,4999,MONTHLY,ACTIVE,2026-09-30 14:21:58.353810
SUB_000862,CUST_00841,ENTERPRISE,19999,MONTHLY,ACTIVE,2026-09-29 14:21:58.357015
SUB_000863,CUST_01055,ENTERPRISE,19999,YEARLY,CANCELLED,2026-09-26 14:21:58.357015
SUB_000864,CUST_01069,BUSINESS,4999,YEARLY,CANCELLED,2026-09-07 14:21:58.357015
SUB_000865,CUST_01984,BASIC,499,MONTHLY,ACTIVE,2026-09-09 14:21:58.357015
SUB_000866,CUST_01505,BASIC,499,MONTHLY,CANCELLED,2026-09-26 14:21:58.357015
SUB_000867,CUST_01613,BASIC,499,MONTHLY,CANCELLED,2026-09-05 14:21:58.357015
SUB_000868,CUST_00580,PRO,1499,YEARLY,PAST_DUE,2026-09-19 14:21:58.357015
SUB_000869,CUST_01172,ENTERPRISE,19999,MONTHLY,ACTIVE,2026-09-25 14:21:58.357015
SUB_000870,CUST_00760,ENTERPRISE,19999,YEARLY,ACTIVE,2026-09-16 14:21:58.357015
SUB_000871,CUST_01385,ENTERPRISE,19999,YEARLY,ACTIVE,2026-09-06 14:21:58.357015
SUB_000872,CUST_01276,BUSINESS,4999,MONTHLY,ACTIVE,2026-09-05 14:21:58.357015
SUB_000873,CUST_00421,BASIC,499,YEARLY,ACTIVE,2026-09-22 14:21:58.357015
SUB_000874,CUST_01973,BUSINESS,4999,YEARLY,ACTIVE,2026-09-30 14:21:58.357015
SUB_000875,CUST_00981,PRO,1499,YEARLY,CANCELLED,2026-09-28 14:21:58.357015
SUB_000876,CUST_01811,BUSINESS,4999,MONTHLY,ACTIVE,2026-09-30 14:21:58.357015
SUB_000877,CUST_01010,PRO,1499,YEARLY,CANCELLED,2026-09-12 14:21:58.357015
SUB_000878,CUST_01880,BUSINESS,4999,MONTHLY,PAST_DUE,2026-09-30 14:21:58.357015
SUB_000879,CUST_01485,BASIC,499,MONTHLY,CANCELLED,2026-09-21 14:21:58.357015
SUB_000880,CUST_00261,BUSINESS,4999,YEARLY,ACTIVE,2026-09-27 14:21:58.357015
SUB_000881,CUST_00372,BASIC,499,YEARLY,CANCELLED,2026-09-12 14:21:58.357015
SUB_000882,CUST_00237,BUSINESS,4999,MONTHLY,PAST_DUE,2026-09-13 14:21:58.357015
SUB_000883,CUST_01060,PRO,1499,YEARLY,ACTIVE,2026-09-10 14:21:58.357015
SUB_000884,CUST_01933,BASIC,499,MONTHLY,ACTIVE,2026-09-04 14:21:58.357015
SUB_000885,CUST_01598,ENTERPRISE,19999,MONTHLY,ACTIVE,2026-09-25 14:21:58.357015
SUB_000886,CUST_01795,BASIC,499,MONTHLY,PAST_DUE,2026-09-19 14:21:58.357015
SUB_000887,CUST_01435,BUSINESS,4999,YEARLY,ACTIVE,2026-09-12 14:21:58.357015
SUB_000888,CUST_00811,BASIC,499,YEARLY,ACTIVE,2026-09-10 14:21:58.357015
SUB_000889,CUST_01132,BUSINESS,4999,MONTHLY,CANCELLED,2026-09-22 14:21:58.357015
SUB_000890,CUST_01411,PRO,1499,MONTHLY,PAST_DUE,2026-09-16 14:21:58.357015
SUB_000891,CUST_00035,BASIC,499,YEARLY,ACTIVE,2026-09-17 14:21:58.357015
SUB_000892,CUST_00916,BASIC,499,YEARLY,PAST_DUE,2026-09-24 14:21:58.357015
SUB_000893,CUST_01719,ENTERPRISE,19999,YEARLY,ACTIVE,2026-09-10 14:21:58.357015
SUB_000894,CUST_01305,PRO,1499,MONTHLY,ACTIVE,2026-09-13 14:21:58.357015
SUB_000895,CUST_00290,ENTERPRISE,19999,YEARLY,CANCELLED,2026-09-02 14:21:58.357015
SUB_000896,CUST_00213,BUSINESS,4999,YEARLY,ACTIVE,2026-09-25 14:21:58.357015
SUB_000897,CUST_01076,PRO,1499,YEARLY,ACTIVE,2026-09-07 14:21:58.357015
SUB_000898,CUST_01555,PRO,1499,MONTHLY,ACTIVE,2026-09-28 14:21:58.357015
SUB_000899,CUST_00346,BUSINESS,4999,MONTHLY,ACTIVE,2026-09-12 14:21:58.357015
SUB_000900,CUST_00843,BASIC,499,MONTHLY,PAST_DUE,2026-09-14 14:21:58.357015
SUB_000901,CUST_00219,PRO,1499,MONTHLY,PAST_DUE,2026-09-08 14:21:58.357015
SUB_000902,CUST_01904,ENTERPRISE,19999,YEARLY,ACTIVE,2026-09-19 14:21:58.357015
SUB_000903,CUST_01611,ENTERPRISE,19999,YEARLY,ACTIVE,2026-09-20 14:21:58.357015
SUB_000904,CUST_01655,ENTERPRISE,19999,YEARLY,CANCELLED,2026-09-26 14:21:58.357015
SUB_000905,CUST_00221,BUSINESS,4999,YEARLY,CANCELLED,2026-09-11 14:21:58.357015
SUB_000906,CUST_00900,PRO,1499,YEARLY,ACTIVE,2026-09-30 14:21:58.357015
SUB_000907,CUST_00329,PRO,1499,YEARLY,CANCELLED,2026-09-23 14:21:58.357015
SUB_000908,CUST_01101,BASIC,499,MONTHLY,ACTIVE,2026-09-21 14:21:58.357015
SUB_000909,CUST_01292,PRO,1499,MONTHLY,CANCELLED,2026-09-29 14:21:58.357015
SUB_000910,CUST_00139,BASIC,499,MONTHLY,ACTIVE,2026-09-19 14:21:58.357015
SUB_000911,CUST_00796,PRO,1499,MONTHLY,PAST_DUE,2026-09-15 14:21:58.357015
SUB_000912,CUST_00225,PRO,1499,YEARLY,ACTIVE,2026-09-20 14:21:58.357015
SUB_000913,CUST_00450,PRO,1499,MONTHLY,PAST_DUE,2026-09-25 14:21:58.357015
SUB_000914,CUST_00064,BASIC,499,MONTHLY,ACTIVE,2026-09-06 14:21:58.357015
SUB_000915,CUST_00829,ENTERPRISE,19999,MONTHLY,CANCELLED,2026-09-29 14:21:58.357015
SUB_000916,CUST_01033,ENTERPRISE,19999,MONTHLY,ACTIVE,2026-09-04 14:21:58.357015
SUB_000917,CUST_00533,BASIC,499,YEARLY,ACTIVE,2026-09-24 14:21:58.357015
SUB_000918,CUST_00352,ENTERPRISE,19999,MONTHLY,ACTIVE,2026-09-19 14:21:58.357015
SUB_000919,CUST_00805,PRO,1499,MONTHLY,PAST_DUE,2026-09-28 14:21:58.357015
SUB_000920,CUST_00888,PRO,1499,MONTHLY,CANCELLED,2026-09-29 14:21:58.357015
SUB_000921,CUST_01407,ENTERPRISE,19999,YEARLY,ACTIVE,2026-09-03 14:21:58.357015
SUB_000922,CUST_00884,PRO,1499,YEARLY,CANCELLED,2026-09-24 14:21:58.357015
SUB_000923,CUST_00503,BUSINESS,4999,MONTHLY,ACTIVE,2026-09-03 14:21:58.357015
SUB_000924,CUST_00081,BUSINESS,4999,MONTHLY,ACTIVE,2026-09-13 14:21:58.357015
SUB_000925,CUST_01868,ENTERPRISE,19999,YEARLY,PAST_DUE,2026-09-24 14:21:58.357015
SUB_000926,CUST_01039,BUSINESS,4999,YEARLY,ACTIVE,2026-09-21 14:21:58.357015
SUB_000927,CUST_01650,ENTERPRISE,19999,YEARLY,ACTIVE,2026-09-28 14:21:58.357015
SUB_000928,CUST_01939,BASIC,499,YEARLY,CANCELLED,2026-09-17 14:21:58.357015
SUB_000929,CUST_01591,PRO,1499,MONTHLY,ACTIVE,2026-09-12 14:21:58.357015
SUB_000930,CUST_01745,ENTERPRISE,19999,YEARLY,ACTIVE,2026-09-26 14:21:58.357015
SUB_000931,CUST_01666,BUSINESS,4999,YEARLY,PAST_DUE,2026-09-30 14:21:58.357015
SUB_000932,CUST_01514,PRO,1499,YEARLY,PAST_DUE,2026-09-20 14:21:58.357015
SUB_000933,CUST_00073,PRO,1499,YEARLY,CANCELLED,2026-09-29 14:21:58.357015
SUB_000934,CUST_00108,BASIC,499,MONTHLY,CANCELLED,2026-09-21 14:21:58.357015
SUB_000935,CUST_01714,PRO,1499,MONTHLY,ACTIVE,2026-09-30 14:21:58.357015
SUB_000936,CUST_01477,ENTERPRISE,19999,MONTHLY,ACTIVE,2026-09-18 14:21:58.357015
SUB_000937,CUST_01381,PRO,1499,YEARLY,PAST_DUE,2026-09-08 14:21:58.357015
SUB_000938,CUST_00094,BUSINESS,4999,MONTHLY,ACTIVE,2026-09-04 14:21:58.357015
SUB_000939,CUST_00258,BASIC,499,MONTHLY,CANCELLED,2026-09-25 14:21:58.357015
SUB_000940,CUST_00358,BUSINESS,4999,MONTHLY,PAST_DUE,2026-09-22 14:21:58.357015
SUB_000941,CUST_00009,PRO,1499,MONTHLY,ACTIVE,2026-09-27 14:21:58.357015
SUB_000942,CUST_01167,BUSINESS,4999,YEARLY,PAST_DUE,2026-09-19 14:21:58.357015
SUB_000943,CUST_00813,PRO,1499,YEARLY,PAST_DUE,2026-09-19 14:21:58.357015
SUB_000944,CUST_01231,BUSINESS,4999,MONTHLY,ACTIVE,2026-09-20 14:21:58.357015
SUB_000945,CUST_00797,ENTERPRISE,19999,YEARLY,CANCELLED,2026-09-24 14:21:58.357015
SUB_000946,CUST_01677,ENTERPRISE,19999,YEARLY,CANCELLED,2026-09-19 14:21:58.357015
SUB_000947,CUST_01131,ENTERPRISE,19999,MONTHLY,CANCELLED,2026-09-29 14:21:58.357015
SUB_000948,CUST_01697,BASIC,499,MONTHLY,PAST_DUE,2026-09-09 14:21:58.357015
SUB_000949,CUST_00502,PRO,1499,YEARLY,CANCELLED,2026-09-29 14:21:58.357015
SUB_000950,CUST_01462,PRO,1499,MONTHLY,ACTIVE,2026-09-15 14:21:58.357015
SUB_000951,CUST_01615,ENTERPRISE,19999,MONTHLY,CANCELLED,2026-09-15 14:21:58.357015
SUB_000952,CUST_01628,PRO,1499,MONTHLY,ACTIVE,2026-09-22 14:21:58.357015
SUB_000953,CUST_00580,ENTERPRISE,19999,YEARLY,PAST_DUE,2026-09-04 14:21:58.369939
SUB_000954,CUST_00804,ENTERPRISE,19999,MONTHLY,ACTIVE,2026-09-08 14:21:58.369939
SUB_000955,CUST_00396,BASIC,499,YEARLY,ACTIVE,2026-09-11 14:21:58.369939
SUB_000956,CUST_00990,ENTERPRISE,19999,MONTHLY,ACTIVE,2026-09-10 14:21:58.369939
SUB_000957,CUST_00265,PRO,1499,MONTHLY,PAST_DUE,2026-09-20 14:21:58.369939
SUB_000958,CUST_00666,ENTERPRISE,19999,MONTHLY,CANCELLED,2026-09-01 14:21:58.369939
SUB_000959,CUST_00165,BUSINESS,4999,MONTHLY,PAST_DUE,2026-09-22 14:21:58.369939
SUB_000960,CUST_00105,BASIC,499,MONTHLY,PAST_DUE,2026-09-03 14:21:58.369939
SUB_000961,CUST_00766,PRO,1499,YEARLY,ACTIVE,2026-09-10 14:21:58.369939
SUB_000962,CUST_01946,BASIC,499,MONTHLY,ACTIVE,2026-09-19 14:21:58.369939
SUB_000963,CUST_00900,PRO,1499,MONTHLY,ACTIVE,2026-09-18 14:21:58.369939
SUB_000964,CUST_01970,PRO,1499,MONTHLY,ACTIVE,2026-09-01 14:21:58.369939
SUB_000965,CUST_01446,ENTERPRISE,19999,YEARLY,PAST_DUE,2026-09-13 14:21:58.369939
SUB_000966,CUST_00533,BUSINESS,4999,MONTHLY,PAST_DUE,2026-09-11 14:21:58.369939
SUB_000967,CUST_01405,BASIC,499,YEARLY,ACTIVE,2026-09-28 14:21:58.369939
SUB_000968,CUST_00287,PRO,1499,YEARLY,ACTIVE,2026-09-25 14:21:58.369939
SUB_000969,CUST_00130,PRO,1499,YEARLY,ACTIVE,2026-09-22 14:21:58.369939
SUB_000970,CUST_01788,PRO,1499,MONTHLY,CANCELLED,2026-09-04 14:21:58.369939
SUB_000971,CUST_01560,ENTERPRISE,19999,YEARLY,ACTIVE,2026-09-08 14:21:58.369939
SUB_000972,CUST_01898,ENTERPRISE,19999,YEARLY,ACTIVE,2026-09-12 14:21:58.369939
SUB_000973,CUST_01491,PRO,1499,YEARLY,PAST_DUE,2026-09-11 14:21:58.369939
SUB_000974,CUST_00259,PRO,1499,YEARLY,ACTIVE,2026-09-21 14:21:58.369939
SUB_000975,CUST_00820,BUSINESS,4999,YEARLY,ACTIVE,2026-09-08 14:21:58.369939
SUB_000976,CUST_00158,PRO,1499,MONTHLY,CANCELLED,2026-09-03 14:21:58.369939
SUB_000977,CUST_00210,BUSINESS,4999,MONTHLY,PAST_DUE,2026-09-28 14:21:58.369939
SUB_000978,CUST_00660,ENTERPRISE,19999,YEARLY,ACTIVE,2026-09-20 14:21:58.369939
SUB_000979,CUST_01339,BUSINESS,4999,YEARLY,PAST_DUE,2026-09-20 14:21:58.369939
SUB_000980,CUST_00279,PRO,1499,MONTHLY,PAST_DUE,2026-09-23 14:21:58.369939
SUB_000981,CUST_01019,BASIC,499,YEARLY,PAST_DUE,2026-09-16 14:21:58.369939
SUB_000982,CUST_01135,PRO,1499,YEARLY,PAST_DUE,2026-09-07 14:21:58.369939
SUB_000983,CUST_01289,BASIC,499,MONTHLY,ACTIVE,2026-09-13 14:21:58.369939
SUB_000984,CUST_00095,ENTERPRISE,19999,YEARLY,ACTIVE,2026-09-22 14:21:58.369939
SUB_000985,CUST_00975,BASIC,499,MONTHLY,PAST_DUE,2026-09-28 14:21:58.369939
SUB_000986,CUST_00382,BUSINESS,4999,YEARLY,ACTIVE,2026-09-05 14:21:58.369939
SUB_000987,CUST_00119,BASIC,499,YEARLY,PAST_DUE,2026-09-27 14:21:58.369939
SUB_000988,CUST_00221,PRO,1499,MONTHLY,ACTIVE,2026-09-29 14:21:58.369939
SUB_000989,CUST_01589,PRO,1499,MONTHLY,PAST_DUE,2026-09-21 14:21:58.369939
SUB_000990,CUST_01454,BUSINESS,4999,YEARLY,ACTIVE,2026-09-02 14:21:58.369939
SUB_000991,CUST_01860,BASIC,499,MONTHLY,ACTIVE,2026-09-10 14:21:58.369939
SUB_000992,CUST_00991,BUSINESS,4999,YEARLY,CANCELLED,2026-09-18 14:21:58.369939
SUB_000993,CUST_01339,PRO,1499,YEARLY,PAST_DUE,2026-09-28 14:21:58.369939
SUB_000994,CUST_01332,PRO,1499,YEARLY,PAST_DUE,2026-09-17 14:21:58.369939
SUB_000995,CUST_00738,PRO,1499,YEARLY,ACTIVE,2026-09-07 14:21:58.369939
SUB_000996,CUST_00232,PRO,1499,YEARLY,ACTIVE,2026-09-18 14:21:58.369939
SUB_000997,CUST_00963,BASIC,499,YEARLY,ACTIVE,2026-09-12 14:21:58.369939
SUB_000998,CUST_00650,BASIC,499,MONTHLY,PAST_DUE,2026-09-15 14:21:58.369939
SUB_000999,CUST_01089,BASIC,499,YEARLY,ACTIVE,2026-09-04 14:21:58.369939
SUB_001000,CUST_00143,PRO,1499,YEARLY,ACTIVE,2026-09-05 14:21:58.369939
